customerID,Churn,ChurnProb,ChurnPred
7926-IJOOU,No,0.3064610821160863,0
7554-AKDQF,No,0.5062561940280714,1
0013-SMEOE,No,0.11758913253382988,0
9289-LBQVU,No,0.12366364297365144,0
2348-KCJLT,No,0.06613264582431415,0
7629-WIXZF,No,0.3361134603018999,0
2458-EOMRE,No,0.23502440471504385,0
9972-NKTFD,No,0.13467788240142975,0
1328-EUZHC,No,0.055765458378744234,0
3705-PSNGL,Yes,0.13725821267302873,0
1409-PHXTF,No,0.24334484954049188,0
5915-DGNVC,No,0.15332655153390432,0
9586-JGQKH,No,0.18843383455637158,0
8718-PTMEZ,Yes,0.6263375571769237,1
1036-GUDCL,No,0.1318932483725538,0
2085-JVGAD,No,0.1296185721101605,0
2794-XIMMO,Yes,0.25220387784686327,0
1320-REHCS,No,0.5966893074407376,1
2883-ILGWO,No,0.5490044383057101,1
6646-QVXLR,Yes,0.5669254586419767,1
7471-MQPOS,No,0.08943077675372817,0
4701-MLJPN,Yes,0.30896825482078644,0
9576-ANLXO,Yes,0.8146325393411896,1
6032-KRXXO,Yes,0.7053113629499709,1
8024-XNAFQ,No,0.10836061237037636,0
1915-OAKWD,No,0.08686974038101285,0
9337-SRRNI,No,0.05893484237603913,0
6704-UTUKK,No,0.5342554922409107,1
2650-GYRYL,No,0.05658841582783927,0
2325-ZUSFD,Yes,0.09717449272908836,0
0708-LGSMF,No,0.494297632156602,0
1757-TCATG,No,0.04695053313913608,0
0537-QYZZN,No,0.575620569890156,1
0096-BXERS,No,0.6522681257684948,1
0970-ETWGE,Yes,0.8781304363930198,1
4989-LIXVT,No,0.6457809334770584,1
5370-IIVVL,No,0.44288945601675916,0
0078-XZMHT,No,0.06802421179612847,0
7808-DVWEP,No,0.3282087993040467,0
5821-MMEIL,No,0.04338520387462194,0
1853-UDXBW,Yes,0.8064081068860393,1
8980-WQFWL,No,0.43963888774316356,0
2843-CQMEG,No,0.2657001144552995,0
3363-DTIVD,No,0.19293887739012813,0
1395-OFUWC,No,0.15874396351045436,0
6823-SIDFQ,No,0.05799021663090939,0
4393-GEADV,No,0.09692264380903828,0
6110-OHIHY,Yes,0.747178959271421,1
3378-AJRAO,No,0.08774992245964058,0
8152-UOBNY,No,0.4442718990964814,0
4892-VLANZ,Yes,0.5368757827035108,1
5220-AGAAX,No,0.049296818839781695,0
6786-OBWQR,No,0.7686844708600884,1
5360-LJCNJ,No,0.26963390259650616,0
8878-RYUKI,No,0.41938297630999966,0
5351-QESIO,No,0.5809196621385092,1
1935-IMVBB,No,0.3976694064910086,0
7180-PISOG,Yes,0.8224918086982317,1
0447-RXSGD,No,0.6831257047842076,1
5949-EBSQK,Yes,0.4249643253557058,0
8069-YQQAJ,No,0.4741880100746102,0
4234-XTNEA,No,0.8287442476387618,1
5318-YKDPV,No,0.04990989243470735,0
3769-MHZNV,No,0.0371883168056035,0
8722-PRFDV,No,0.04577780106557082,0
6754-LZUKA,No,0.06270969250757594,0
1074-AMIOH,No,0.3092666386528321,0
5553-AOINX,No,0.4235690495477948,0
7445-WMRBW,No,0.09529515120812876,0
6331-LWDTQ,Yes,0.5613022280891197,1
4818-QIUFN,Yes,0.702192071467848,1
1894-IGFSG,Yes,0.6018721395635253,1
7252-NTGSS,No,0.7099259129599368,1
7688-AWMDX,No,0.037778886447784585,0
0064-YIJGF,No,0.4671421271606521,0
2055-SIFSS,No,0.2011745081106776,0
3313-QKNKB,Yes,0.32558180796235475,0
3090-LETTY,No,0.33519620455899196,0
9895-VFOXH,No,0.6673402739897331,1
8261-GWDBQ,No,0.15122996677333994,0
9233-PSYHO,No,0.47848806707869673,0
9372-TXXPS,No,0.03334346349516095,0
3244-CQPHU,No,0.13928723736479226,0
6671-NGWON,No,0.28147570912166914,0
7112-OPOTK,Yes,0.5049346317210758,1
1212-GLHMD,No,0.6857215924186253,1
1982-FEBTD,No,0.07161244946719124,0
3237-AJGEH,Yes,0.5672396920113328,1
0015-UOCOJ,No,0.5701484254448992,1
0114-PEGZZ,No,0.6042566098047819,1
8644-XLFBW,Yes,0.8779452060329942,1
1264-BYWMS,Yes,0.7389801044882781,1
2832-KJCRD,No,0.611178607492898,1
7110-BDTWG,No,0.13426228486865582,0
2959-EEXWB,No,0.2098902027807525,0
1052-QJIBV,No,0.04036454175088154,0
4806-KEXQR,Yes,0.8393454179753456,1
3992-YWPKO,Yes,0.8209889661730162,1
3750-RNQKR,No,0.19512665356253778,0
9209-NWPGU,No,0.10301489687638883,0
7658-UYUQS,No,0.5150865885461781,1
1455-HFBXA,No,0.07929034819188178,0
6810-VCAEX,No,0.08578851515702479,0
3156-QLHBO,No,0.14332654697158095,0
6082-OQFBA,No,0.05607156149595399,0
3594-IVHJZ,No,0.4608338826895157,0
5950-AAAGJ,No,0.5358623419308809,1
9804-ICWBG,Yes,0.8689840637802094,1
5376-DEQCP,Yes,0.8736873045833817,1
5697-GOMBF,No,0.4246631206971798,0
8397-MVTAZ,Yes,0.7530409820260765,1
2067-QYTCF,No,0.556113521844106,1
2482-CZGBB,Yes,0.788470727896923,1
3331-HQDTW,Yes,0.5237835711219896,1
6233-HXJMX,No,0.5526629863494612,1
7579-OOPEC,Yes,0.5792667540187503,1
1156-ZFYDO,No,0.5477319027236919,1
3672-YITQD,Yes,0.7123853978690092,1
0823-HSCDJ,Yes,0.5564495040320885,1
9967-ATRFS,No,0.17200414774592546,0
6161-ERDGD,No,0.12948041413617192,0
8161-QYMTT,No,0.8735599475881776,1
3649-JPUGY,No,0.07295779353028792,0
2684-EIWEO,Yes,0.36679623632812863,0
3973-SKMLN,No,0.07202209790068893,0
4077-CROMM,Yes,0.5343033723530733,1
0853-TWRVK,No,0.10087616471029454,0
7218-HKQFK,Yes,0.7148268024387464,1
9968-FFVVH,No,0.05127249998312356,0
8593-WHYHV,Yes,0.8681848912873698,1
1150-WFARN,Yes,0.1547672091844258,0
4983-CLMLV,No,0.5099186066236756,1
6728-CZFEI,No,0.17498936013100408,0
4634-JLRJT,No,0.6615668252558956,1
6806-YDEUL,No,0.2731513522932108,0
2845-HSJCY,Yes,0.765714183271285,1
7401-JIXNM,No,0.04745957248745399,0
3197-ARFOY,No,0.5443755879402867,1
3750-CKVKH,Yes,0.8195796603259676,1
5321-NTRKC,No,0.04831839824184301,0
5271-YNWVR,Yes,0.09544247289832544,0
6016-LVTJQ,No,0.1070757092321842,0
1731-TVIUK,Yes,0.7845813648971954,1
0156-FVPTA,Yes,0.2845421218372295,0
7044-YAACC,No,0.8355090681729875,1
6861-XWTWQ,Yes,0.8808633320333423,1
9971-ZWPBF,No,0.5154261730129053,1
6946-LMSQS,Yes,0.4501813598672204,0
5468-BPMMO,No,0.2002560198311501,0
0930-EHUZA,No,0.08498880081518172,0
1394-SUIUH,No,0.3066758972346536,0
1241-FPMOF,No,0.046159591723928445,0
2012-NWRPA,Yes,0.8609311915257964,1
4439-JMPMT,Yes,0.6429211918680497,1
4353-HYOJD,No,0.10472912047249584,0
4631-OACRM,Yes,0.8156922849305225,1
6023-YEBUP,Yes,0.8757356786469171,1
1113-IUJYX,Yes,0.33263705367408336,0
2546-KZAAT,No,0.1285015209708811,0
2826-DXLQO,No,0.3850725983158464,0
3398-GCPMU,No,0.046693372315898374,0
6270-OMFIW,Yes,0.42594491186413397,0
9979-RGMZT,No,0.6724576188155502,1
4709-LKHYG,No,0.07475284357960413,0
5357-TZHPP,Yes,0.8493736837776703,1
3411-WLRSQ,No,0.8108117790923874,1
9170-ARBTB,No,0.051213502797243605,0
3258-SANFR,No,0.5714179305221521,1
3374-LXDEV,Yes,0.5921232723454051,1
5847-MXBEO,No,0.07300095066327206,0
3308-DGHKL,No,0.05582524876520445,0
8902-ZEOVF,No,0.04674134636050738,0
7130-CTCUS,No,0.3662205603635705,0
1240-KNSEZ,Yes,0.6574050741740052,1
0613-WUXUM,No,0.0389832749038338,0
2386-LAHRK,Yes,0.7929113338495969,1
2187-LZGPL,Yes,0.6489107298153273,1
6969-MVBAI,No,0.8727648228384676,1
0616-ATFGB,Yes,0.7271384513242866,1
4174-LPGTI,Yes,0.08295065028175583,0
4323-SADQS,Yes,0.2704672336343755,0
9762-YAQAA,No,0.1830395090747766,0
9444-JTXHZ,Yes,0.7960703354310087,1
3519-ZKXGG,Yes,0.8601265355490717,1
4803-LBYPN,No,0.1040274167665534,0
9522-BNTHX,No,0.5663909669073734,1
9227-LUNBG,Yes,0.7199475686374567,1
5698-BQJOH,Yes,0.7944869692311829,1
9057-SIHCH,Yes,0.8810921107604105,1
4360-PNRQB,No,0.6215028835365402,1
5281-BUZGT,Yes,0.6111737056688615,1
1043-UXOVO,No,0.14008520302193783,0
8769-KKTPH,No,0.2670434050988467,0
6022-UGGSO,Yes,0.6634901252598758,1
6834-NXDCA,Yes,0.627168083524592,1
5696-EXCYS,No,0.05276570013190232,0
9388-ZEYVT,No,0.20138175177158119,0
8259-DZLIZ,No,0.0574409308755449,0
1096-ADRUX,No,0.1340603770472851,0
6227-HWPWX,Yes,0.5253046801699691,1
5590-YRFJT,Yes,0.5073931401684896,1
0628-CNQRM,Yes,0.06926820821396783,0
9167-APMXZ,No,0.6559075294757701,1
3177-LASXD,Yes,0.8112412604384237,1
0665-XHDJU,No,0.30838540723975194,0
5968-HYJRZ,No,0.04370021237112334,0
9833-TGFHX,No,0.3365628806335009,0
2257-BOVXD,No,0.45650763934044497,0
7277-KAMWT,No,0.082320924295962,0
2150-OEGBV,No,0.05809525224021039,0
6124-ACRHJ,No,0.5324614316602093,1
7912-SYRQT,Yes,0.834444123744865,1
8245-UMPYT,Yes,0.8655450188671766,1
6328-ZPBGN,Yes,0.818434698569683,1
3007-FDPEA,No,0.4608338826895157,0
3546-GHEAE,No,0.08121442515712504,0
6016-NXBNJ,No,0.0739917617838679,0
5049-GLYVG,Yes,0.5244153028676218,1
1264-FUHCX,No,0.17599184083460798,0
5630-IXDXV,No,0.7274021407493955,1
8128-YVJRG,Yes,0.6880192246079214,1
5832-XKAES,Yes,0.801798384261461,1
0083-PIVIK,No,0.10289742374261365,0
7114-AEOZE,No,0.045779156738780864,0
2135-RXIHG,Yes,0.8152042926967117,1
6968-GMKPR,No,0.5644746550496326,1
5366-IJEQJ,Yes,0.7851687885788873,1
3071-MVJCD,No,0.0344185853618062,0
5268-DSMNQ,No,0.2681983472629803,0
8000-REIQB,Yes,0.8804330629165581,1
8401-EMUWF,No,0.1556461484225203,0
0016-QLJIS,No,0.03993934711499936,0
2977-CEBSX,No,0.07081639038361963,0
8601-QACRS,Yes,0.7282580857528366,1
7005-CYUIL,No,0.0986276690175797,0
6248-TKCQV,No,0.043195909722587994,0
4501-UYKBC,No,0.18540415236012692,0
6286-SUUWT,No,0.5368757827035108,1
6695-AMZUF,No,0.049612148387636355,0
4115-NZRKS,No,0.866194756258875,1
5934-TSSAU,No,0.5087469473628514,1
2077-MPJQO,No,0.8606314000082937,1
5569-KGJHX,Yes,0.7810364271830708,1
6259-WJQLC,No,0.5951226390100309,1
4237-RLAQD,Yes,0.7906712844990429,1
5207-PLSTK,No,0.48700343876046487,0
3891-PUQOD,Yes,0.6323797512678232,1
9391-DXGGG,No,0.24712404131278387,0
6582-OIVSP,No,0.7099259129599368,1
2466-NEJOJ,No,0.19693611082918283,0
3778-FOAQW,No,0.06769826375776263,0
6218-KNUBD,No,0.5359538148893659,1
8086-OVPWV,Yes,0.8309135344679085,1
7551-DACSP,Yes,0.49451228126183555,0
9835-ZIITK,Yes,0.4272264342333222,0
2796-UUZZO,No,0.3172726003570093,0
6551-ZCOTS,No,0.11663298177958246,0
8468-EHYJA,No,0.5825877341050929,1
3137-NYQQI,No,0.09740794287465811,0
5789-LDFXO,No,0.1349347048413701,0
2817-LVCPP,No,0.04683033225160163,0
4012-ZTHBR,No,0.35874599838451326,0
0742-MOABM,Yes,0.5256398753448921,1
9494-BDNNC,No,0.325222948114521,0
8922-NPKBJ,No,0.03505573198220546,0
2324-AALNO,No,0.06624524877825355,0
6769-DYBQN,Yes,0.42521959011269833,0
0074-HDKDG,No,0.06304304086578544,0
2955-BJZHG,Yes,0.560431543560072,1
6345-FZOQH,No,0.043746656640168545,0
3957-SQXML,No,0.04935324020207782,0
1319-YLZJG,No,0.6096496347602941,1
2656-FMOKZ,Yes,0.7689322358930207,1
3689-MOZGR,No,0.36397301846505836,0
8443-WVPSS,Yes,0.6888155276715906,1
6538-POCHL,No,0.5245613000313404,1
6685-GBWJZ,No,0.06413589311153313,0
8573-JGCZW,No,0.1026678200149531,0
8069-RHUXK,No,0.05255308758332504,0
4846-WHAFZ,Yes,0.694987609931299,1
7771-CFQRQ,No,0.03240410982674613,0
0322-CHQRU,Yes,0.6465310102119834,1
6504-VBLFL,No,0.08104304802072117,0
3460-TJBWI,No,0.054541311009484554,0
8125-QPFJD,No,0.05615732917070728,0
2778-OCLGR,Yes,0.2503421546787392,0
9474-PHLYD,Yes,0.6078944820787379,1
7766-CLTIC,No,0.4294228382857935,0
0570-BFQHT,No,0.6855433589668052,1
4942-VZZOM,No,0.10027298466569944,0
8246-SHFGA,No,0.17990755083924997,0
4735-ASGMA,Yes,0.7603162885509016,1
8882-TLVRW,No,0.042347926357083024,0
9643-YBLUR,No,0.6243523690451498,1
7351-KYHQH,No,0.7120961086346013,1
0685-MLYYM,Yes,0.7548286532490348,1
4589-IUAJB,No,0.051886510556940234,0
8785-CJSHH,No,0.7028535125400411,1
5976-JCJRH,Yes,0.7752041073542169,1
1222-LRYKO,No,0.2521875025751231,0
1200-TUZHR,No,0.7999394858344441,1
0187-WZNAB,No,0.28330625991983843,0
0402-OAMEN,No,0.03884788326692641,0
2908-ZTPNF,No,0.22942846787152446,0
5469-CTCWN,Yes,0.3181667837685433,0
3629-ZNKXA,No,0.7781136220509743,1
9152-AMKAK,No,0.1572320297474645,0
6910-HADCM,Yes,0.8114072775825031,1
3374-PZLXD,No,0.1360938565298353,0
1803-BGNBD,No,0.47657380063707155,0
1236-WFCDV,Yes,0.6722325104977067,1
2192-OZITF,No,0.0453713360640891,0
1755-RMCXH,No,0.24879582231964473,0
3133-PZNSR,No,0.062359529953476725,0
1936-CZAKF,No,0.07695877577154482,0
2758-RNWXS,No,0.22129729270681844,0
9139-WQQDY,Yes,0.31277376377526284,0
5522-NYKPB,No,0.40251644443721785,0
6608-QQLVK,Yes,0.818739486609714,1
0795-LAFGP,No,0.0614608609723697,0
4086-WITJG,No,0.039709221866276026,0
1866-NXPSP,No,0.11241476829779169,0
5524-KHNJP,No,0.10025130051003017,0
0813-TAXXS,No,0.09303494402044422,0
8617-ENBDS,No,0.8173016718032836,1
7432-FFVAR,No,0.16691053867020295,0
2987-BJXIK,No,0.053584915252333915,0
1956-YIFGE,No,0.4119328192428449,0
4937-QPZPO,No,0.46431918536749645,0
9888-ZCUMM,No,0.04930255294646035,0
1064-FBXNK,No,0.24439914159296816,0
9089-UOWJG,No,0.35432105081281856,0
9092-GDZKO,No,0.3112827958721189,0
1644-IRKSF,Yes,0.41845374560288406,0
3807-BPOMJ,No,0.3327129837288045,0
3540-RZJYU,Yes,0.5320788242876934,1
9402-ROUMJ,No,0.15070292398999638,0
5906-CVLHP,Yes,0.05890604653261876,0
6284-AHOOQ,Yes,0.6087876435889761,1
6332-FBZRI,No,0.05265775868374712,0
1345-ZUKID,No,0.08416734783442453,0
3244-DCJWY,Yes,0.8736873045833817,1
8949-JTMAY,Yes,0.6437106212878211,1
2599-CIPQE,No,0.10464132056342951,0
5306-BVTKJ,No,0.07122700651241963,0
1447-PJGGA,Yes,0.26188378383810396,0
1926-QUZNN,No,0.06385963670345277,0
3096-WPXBT,No,0.215786718448495,0
8869-TORSS,Yes,0.08145604647296514,0
6349-JDHQP,No,0.05333885292894989,0
8433-WPJTV,No,0.30523459991512164,0
6508-NJYRO,No,0.08219950449992634,0
3936-QQFLL,No,0.32162541653352555,0
6518-LGAOV,Yes,0.5964235694510548,1
0971-QIFJK,No,0.05056426459830764,0
7209-JCUDS,Yes,0.8211832662157535,1
7047-FWEYA,No,0.42857918822497126,0
7296-PIXQY,No,0.5989235009751807,1
4992-LTJNE,No,0.034710288481359645,0
6979-ZNSFF,Yes,0.8614250282644043,1
9019-QVLZD,Yes,0.8170998161438229,1
1038-RQOST,No,0.129102773563959,0
9475-NNDGC,No,0.3939877543872274,0
3638-DIMPH,No,0.2558253555220462,0
0822-QGCXA,No,0.2893025518432611,0
9251-AWQGT,No,0.03648856394864903,0
9348-ROUAI,No,0.045523885205669135,0
9953-ZMKSM,No,0.052754289418219885,0
6212-ATMLK,No,0.7232903417154635,1
2465-BLLEU,No,0.6574050741740052,1
6680-WKXRZ,Yes,0.7630132555419412,1
7601-GNDYK,No,0.03657117102012213,0
4686-GEFRM,No,0.14080126707908536,0
8104-OSKWT,No,0.6836932918937736,1
0952-KMEEH,Yes,0.55640645489888,1
4521-YEEHE,No,0.6445114441236611,1
5622-UEJFI,No,0.05992791641089645,0
0825-CPPQH,No,0.04850418801122465,0
5240-CAOYT,No,0.2602823970967215,0
4660-IRIBM,No,0.4647023931456208,0
3745-HRPHI,No,0.055981595096150305,0
6198-RTPMF,No,0.699164719491678,1
9039-RBEEE,Yes,0.25764967263974864,0
5133-POWUA,No,0.7906712844990429,1
9298-WGMRW,No,0.08525999996097694,0
5827-MWCZK,No,0.3432961080806917,0
5542-TBBWB,No,0.8689840637802094,1
8107-KNCIM,No,0.822058577641886,1
0307-BCOPK,No,0.08185411206300058,0
5445-PZWGX,Yes,0.20234134897237033,0
2346-DJQTB,No,0.340784439977306,0
4012-YCFAI,No,0.03915137080578435,0
4918-FYJNT,No,0.31095772738792843,0
1534-OULXE,No,0.05308200930729101,0
4817-VYYWS,Yes,0.7480081684682058,1
1024-GUALD,Yes,0.806613163965799,1
6435-SRWBJ,No,0.7795622884440576,1
5016-IBERQ,No,0.5877190734066385,1
6652-YFFJO,No,0.6195337178553652,1
5380-AFSSK,Yes,0.8617463283125717,1
8735-DCXNF,No,0.30740869721560027,0
1545-JFUML,No,0.229015553485272,0
0397-ZXWQF,No,0.046159591723928445,0
7277-OZCGZ,No,0.47967224113627294,0
8213-TAZPM,No,0.2695301594783781,0
0856-NAOES,No,0.4782281630045572,0
1469-LBJQJ,No,0.7082169325207819,1
2535-PBCGC,No,0.055850951163698676,0
0365-BZUWY,No,0.8005371007817945,1
7054-LGEQW,Yes,0.7099259129599368,1
0281-CNTZX,No,0.0582191070901061,0
8445-DNBAE,No,0.7247907186193763,1
3392-EHMNK,No,0.07949684459062038,0
3006-XIMLN,Yes,0.8293859238289596,1
7892-QVYKW,No,0.5967393587721498,1
9420-LOJKX,Yes,0.6731950387109877,1
0487-RPVUM,No,0.30308451355241184,0
2790-XUYMV,No,0.10848781546975161,0
7225-IILWY,No,0.0414265253675942,0
3785-NRHYR,No,0.5302973461806493,1
6993-YCOBK,No,0.11642564886862652,0
8402-EIVQS,No,0.30343132312687676,0
8008-OTEZX,No,0.048416693669030446,0
7603-USHJS,Yes,0.6881782734735327,1
0754-EEBDC,No,0.08885253756032906,0
9871-ELEYA,No,0.046707295026747725,0
7398-SKNQZ,No,0.8083777496152673,1
4706-DGAHW,No,0.7514290448704766,1
7663-RGWBC,Yes,0.7906712844990429,1
7244-KXYZN,No,0.07887785509923245,0
5712-PTIWW,Yes,0.7178925960720675,1
9867-XOBQA,No,0.056685150866451824,0
3551-GAEGL,No,0.05998764858576532,0
4581-SSPWD,Yes,0.8647628651935301,1
6543-XRMYR,Yes,0.7496443772402844,1
9445-SZLCH,Yes,0.49150359440481634,0
6999-CHVCF,No,0.14778281425015238,0
5955-EPOAZ,No,0.4130161833320186,0
6338-AVWCY,Yes,0.7343525808843845,1
2208-NKVVH,No,0.043436542955253045,0
1450-SKCVI,Yes,0.5697622349378728,1
9496-IVVRP,No,0.1887701635183785,0
8450-JOVAH,Yes,0.3993543421660586,0
3556-BVQGL,No,0.09605441653493031,0
9589-ABEPT,No,0.12030023885208581,0
6693-DJWTY,No,0.05671825456125553,0
2129-ALKBS,No,0.2522011483935628,0
3021-VLNRJ,No,0.06934650152072533,0
1816-FLZDK,No,0.5434986554222883,1
2696-ECXKC,No,0.22087640292319272,0
2731-GJRDG,No,0.3188910779709548,0
7470-MCQTK,Yes,0.5081437426763918,1
3227-WLKLI,No,0.040462572638384445,0
9866-QEVEE,Yes,0.6514100938409086,1
8957-THMOA,No,0.04493223498630202,0
7998-WNZEM,No,0.04301301194818098,0
1682-VCOIO,No,0.06922409435902543,0
6956-SMUCM,Yes,0.7337089108378247,1
6777-TGHTM,Yes,0.37669978408794297,0
1376-HHBDV,No,0.2064518150933674,0
1635-FJFCC,No,0.6968092683682902,1
1784-EZDKJ,No,0.46283057647909404,0
6223-DHJGV,No,0.08537888879078394,0
6980-IMXXE,No,0.034576526692658024,0
4393-RYCRE,No,0.45190383657842365,0
3605-JISKB,No,0.07732913619335703,0
5288-AHOUP,No,0.8156922849305225,1
5006-MXVRN,No,0.05303653486539096,0
9318-NKNFC,Yes,0.44085467937888134,0
0486-LGCCH,No,0.059067462764236,0
2107-FBPTK,No,0.7496443772402844,1
5539-TMZLF,Yes,0.8779452060329942,1
4713-LZDRV,Yes,0.854312593022622,1
5692-FPTAH,Yes,0.7937221196930933,1
1465-WCZVT,No,0.26640134697699364,0
8200-KLNYW,No,0.11982489360053947,0
9821-BESNZ,No,0.47076880109945113,0
1349-WXNGG,Yes,0.5368757827035108,1
1370-GGAWX,No,0.4329964566814009,0
0963-ZBDRN,Yes,0.5873259125250222,1
5960-MVTUK,No,0.6887346421036775,1
7251-XFOIL,No,0.374137178097999,0
5307-DZCVC,Yes,0.6155763536944653,1
1335-MXCSE,No,0.043855368027477214,0
7460-ITWWP,No,0.6308607109538117,1
3426-NIYYL,Yes,0.5272328405197231,1
0080-EMYVY,No,0.15150447849104198,0
0771-CHWSK,No,0.07601266679237277,0
1697-NVVGY,No,0.21847110620640792,0
1591-XWLGB,No,0.05057052781040131,0
2732-ISEZX,No,0.4484792012879064,0
6260-XLACS,No,0.15009654239424053,0
2123-AGEEN,No,0.8599316128001837,1
2079-FBMZK,Yes,0.7967877298932678,1
6072-NUQCB,No,0.05917644081784588,0
6586-MYGKD,No,0.07053773450146596,0
1866-ZSLJM,No,0.17990755083924997,0
9685-WKZGT,Yes,0.827703968798573,1
0004-TLHLJ,Yes,0.8284600514781886,1
0480-KYJVA,No,0.045317348618462205,0
0750-EBAIU,No,0.1704233536424645,0
8404-VIOMB,No,0.06957290888191876,0
1656-DRSMG,No,0.5298914681009163,1
1541-ETJZO,Yes,0.6309926166137373,1
7666-WKRON,Yes,0.1495555917502412,0
5472-CVMDX,No,0.05352808165832776,0
8620-RJPZN,No,0.5477319027236919,1
6145-NNPNO,No,0.7099259129599368,1
3223-DWFIO,No,0.7592557022426081,1
9512-UIBFX,Yes,0.4540301905541843,0
1716-LSAMB,No,0.03476006982324762,0
1302-TPUBN,No,0.04048963120678491,0
6650-VJONK,No,0.7906712844990429,1
1568-LJSZU,No,0.049326310671464174,0
2432-TFSMK,No,0.3746092462547008,0
2959-MJHIC,Yes,0.8263828169503645,1
4248-QPAVC,Yes,0.5946443494347151,1
2750-BJLSB,No,0.31660512716636835,0
2866-IKBTM,No,0.40409242419484975,0
3866-MDTUB,Yes,0.5581703537978997,1
0655-RBDUG,Yes,0.8543211196841554,1
0486-HECZI,Yes,0.5500561453612626,1
5975-BAICR,No,0.10814338786325398,0
8970-ANWXO,No,0.1930663075256155,0
0114-IGABW,No,0.062496378878284575,0
3858-VOBET,Yes,0.7315260949326844,1
2675-IJRGJ,No,0.046159591723928445,0
2122-YWVYA,No,0.6241343603868446,1
3587-PMCOY,No,0.5112772542462739,1
1114-CENIM,Yes,0.1825188725437185,0
6445-TNRXS,No,0.09220292069678772,0
1352-VHKAJ,No,0.15818818289716152,0
9048-JVYVF,Yes,0.6353292334274195,1
4032-RMHCI,No,0.07546030745943716,0
2812-SFXMJ,No,0.45274916915312297,0
8165-CBKXO,No,0.07537878038922108,0
0295-QVKPB,No,0.6124811700010915,1
0725-CXOTM,No,0.16359326769544433,0
7621-VPNET,No,0.3984764849552241,0
7197-VOJMM,No,0.0530671888514944,0
1600-DILPE,No,0.4667401206827625,0
1219-NNDDO,No,0.8433057124601774,1
1171-TYKUR,No,0.23626443068084035,0
2284-VFLKH,No,0.3215576141507367,0
7306-YDSOI,No,0.03501721065400886,0
8016-NCFVO,No,0.47473615141737135,0
7599-FKVXZ,Yes,0.5494725330430853,1
4318-RAJVY,No,0.14730947072334474,0
0191-EQUUH,No,0.05257074450044073,0
0327-WFZSY,No,0.48511549884208244,0
1069-QJOEE,No,0.08492485120364261,0
5394-MEITZ,No,0.038235733036320614,0
2162-FRZAA,No,0.04184035252804614,0
7711-GQBZC,No,0.04035948882813877,0
7707-PYBBH,No,0.1612438305154414,0
1227-UDMZR,No,0.05424738206408489,0
7971-HLVXI,No,0.1198170924919059,0
5650-YLIBA,No,0.6788888087211277,1
6917-YACBP,No,0.4332304129137745,0
3161-ONRWK,No,0.038110289064375864,0
8929-KSWIH,No,0.14817256828981215,0
3094-JOJAI,No,0.4953734944023279,0
1436-ZMJAN,No,0.48960919936154895,0
7465-ZZRVX,No,0.8689840637802094,1
1471-GIQKQ,No,0.7169641195419715,1
9839-ETQOE,No,0.2953674600519074,0
1178-PZGAB,No,0.08148156829315939,0
4059-IIEBK,No,0.8339743198031061,1
7695-PKLCZ,No,0.05333885292894989,0
0719-SYFRB,Yes,0.31480622651331924,0
0529-ONKER,Yes,0.7207444877637117,1
6575-SUVOI,No,0.2947916874932968,0
8637-XJIVR,Yes,0.6836932918937736,1
2685-SREOM,Yes,0.685444373803092,1
2954-PIBKO,No,0.040172455575696,0
9878-TNQGW,Yes,0.8309135344679085,1
5504-WSIUR,No,0.13437183827757523,0
6825-UYPFK,Yes,0.47183225807173196,0
5893-KCLGT,No,0.04276614209052611,0
3696-XRIEN,No,0.15594881688471549,0
9688-YGXVR,No,0.5173900919662989,1
3933-DQPWX,No,0.06367319660755125,0
3523-QRQLL,Yes,0.12763570375995936,0
5701-ZIKJE,No,0.40816963282911356,0
8739-WWKDU,Yes,0.772004443883066,1
6542-LWGXJ,No,0.5671402346672495,1
6257-DTAYD,No,0.24436367062871292,0
3569-JFODW,No,0.043730618431558885,0
7872-BAAZR,No,0.04213357289056659,0
0022-TCJCI,Yes,0.13203087739527644,0
2761-XECQW,No,0.6652497789781154,1
1095-WGNGG,No,0.19007514133224374,0
2486-WYVVE,No,0.16156051688356163,0
6497-TILVL,No,0.2678103828235457,0
4800-CZMPC,Yes,0.3347500041410781,0
9378-FXTIZ,Yes,0.18945409807150113,0
6061-GWWAV,No,0.05388928595058258,0
8993-PHFWD,Yes,0.6463929847137492,1
1066-JKSGK,Yes,0.5368757827035108,1
5599-HVLTW,No,0.7851610184075482,1
7677-SJJJK,No,0.09652569553356831,0
8592-PLTMQ,No,0.06624524877825355,0
4658-HCOHW,Yes,0.4946791670187285,0
0655-YDGFJ,No,0.15752363559396212,0
5914-GXMDA,No,0.05449349279911698,0
9763-PDTKK,Yes,0.6213432959154582,1
0114-RSRRW,No,0.30995934562140853,0
5630-AHZIL,No,0.39033128351375157,0
3896-RCYYE,No,0.30471594995714923,0
9823-EALYC,No,0.035906629910129356,0
1074-WVEVG,No,0.05517543930478114,0
7473-ZBDSN,No,0.05193079753012657,0
5982-PSMKW,No,0.062015166895439226,0
1768-ZAIFU,Yes,0.8234412554842463,1
3137-LUPIX,No,0.6553663756645843,1
0531-XBKMM,No,0.030243853389769475,0
7301-ABVAD,No,0.0545355275305041,0
3727-OWVYD,No,0.05173503523750427,0
8821-XNHVZ,Yes,0.8255361645365197,1
9776-OJUZI,No,0.501568034104177,1
5248-KWLAR,No,0.05942189309787951,0
1699-UOTXU,No,0.07494949646061062,0
7576-JMYWV,No,0.35609318158997805,0
1166-PQLGG,No,0.03189067019925137,0
4369-NYSCF,No,0.14692479076356252,0
3099-OONVS,No,0.16645574721380554,0
9068-FHQHD,No,0.0371883168056035,0
6924-TDGMT,No,0.13594787921898605,0
2103-ZRXFN,No,0.70918588313694,1
5876-HZVZM,Yes,0.2472297096176237,0
1229-RCALF,No,0.3161291270762422,0
6372-RFVNS,Yes,0.8108075333306823,1
1360-XFJMR,No,0.38558146118867204,0
3655-SNQYZ,No,0.08694306109130429,0
5198-HQAEN,No,0.1711094570891904,0
1522-VVDMG,Yes,0.6025267006217335,1
8777-PVYGU,No,0.07738141465550114,0
7250-EQKIY,Yes,0.6364373194746252,1
3373-YZZYM,No,0.28482079215592065,0
7073-QETQY,No,0.08482715755938831,0
4500-HKANN,No,0.04424204461429603,0
3704-IEAXF,No,0.049370020496674535,0
5519-TEEUH,No,0.06432057389286842,0
3658-KIBGF,Yes,0.6037038269880227,1
6425-JWTDV,No,0.041946825113031785,0
7000-WCEVQ,Yes,0.37911342928085623,0
6345-ULYRW,Yes,0.24014819047889474,0
3780-DDGSE,No,0.22949511368596234,0
4445-ZJNMU,No,0.847483793694865,1
0829-XXPLX,No,0.5585358510077604,1
9938-EKRGF,No,0.24919707380534367,0
5294-DMSFH,No,0.5217652151782562,1
8680-CGLTP,No,0.110475466671254,0
9814-AOUDH,No,0.0460750800590652,0
5966-EMAZU,No,0.29857258852374713,0
7706-DZNKK,No,0.33887787376311673,0
6313-GIDIT,Yes,0.5497001568917183,1
6661-EIPZC,No,0.20487133372736854,0
6557-BZXLQ,No,0.6772982731948722,1
6319-IEJWJ,Yes,0.6700433003378057,1
1069-XAIEM,Yes,0.8914442381471323,1
0623-EJQEG,No,0.16253795298926066,0
2897-DOVND,No,0.8195796603259676,1
3795-GWTRD,No,0.037620446292379754,0
2070-FNEXE,Yes,0.574966423464193,1
9732-KPKBW,Yes,0.42877657486046494,0
6158-HDPXZ,No,0.6601337416797551,1
7351-MHQVU,No,0.3442280037223183,0
3627-FHKBK,Yes,0.651040028302959,1
2604-XVDAM,No,0.33719863399468886,0
1092-GANHU,Yes,0.7122408163016172,1
7279-NMVJC,No,0.07521640505495344,0
1867-BDVFH,Yes,0.7429090559727773,1
6635-CPNUN,No,0.4639928039460657,0
4999-IEZLT,No,0.10246835061811077,0
4854-CIDCF,No,0.7659861210246602,1
2359-KLTEK,No,0.48080209867405077,0
9842-EFSYY,No,0.4142563940625971,0
0851-DFJKB,No,0.2718510810047648,0
9894-QMIMJ,No,0.07608317655906964,0
2364-UFROM,No,0.10069284265904298,0
5313-FPXWG,No,0.09325021029769855,0
3058-WQDRE,No,0.47000889738942586,0
3398-FSHON,Yes,0.8451321644194811,1
4829-AUOAX,Yes,0.48819118370658815,0
2074-GUHPQ,No,0.4959017543670383,0
7740-BTPUX,No,0.23947849343048647,0
0323-XWWTN,No,0.16477900983135912,0
4632-XJMEX,No,0.04494701304803785,0
0853-NWIFK,No,0.42590449013080606,0
4489-SNOJF,Yes,0.17832888145133646,0
9692-TUSXH,Yes,0.6969257071241338,1
1309-BXVOQ,Yes,0.6627310980367341,1
8631-XVRZL,No,0.17804103691670112,0
1640-PLFMP,No,0.8736873045833817,1
9624-EGDEQ,No,0.04664845221946594,0
0733-VUNUW,Yes,0.24937117022985877,0
3620-EHIMZ,No,0.03314089866692492,0
1320-HTRDR,Yes,0.8617396405342441,1
1357-MVDOZ,No,0.3141663824654174,0
8348-JLBUG,No,0.10881255638898155,0
0536-ACXIP,No,0.2057598975291827,0
5331-RGMTT,No,0.6463036521940839,1
7660-HDPJV,Yes,0.8736873045833817,1
4452-QIIEB,No,0.4951382416558627,0
0761-AETCS,Yes,0.3649589216882398,0
3594-BDSOA,No,0.07488889493441672,0
7569-NMZYQ,No,0.06630346008537155,0
6166-ILMNY,Yes,0.7050220792817637,1
7147-AYBAA,No,0.49837182943609754,0
0906-QVPMS,No,0.0849795414557255,0
4531-AUZNK,No,0.10700778222714598,0
7795-CFOCW,No,0.07027658617063735,0
8699-ASUFO,Yes,0.8364992488573119,1
9286-BHDQG,No,0.04630187936007011,0
9242-TKFSV,No,0.05103190558540945,0
0909-SELIE,No,0.04840045793176872,0
0270-THENM,No,0.028785647671221964,0
3977-QCRSL,No,0.3178102066727359,0
6661-HBGWL,Yes,0.6449590115035585,1
2203-GHNWN,No,0.5889815523474331,1
1272-ILHFG,No,0.07533232342320904,0
7113-HIPFI,No,0.026874085134257358,0
4550-EVXNY,Yes,0.8193231557383919,1
0886-QGENL,Yes,0.6142813940458963,1
4686-UXDML,No,0.7030873921594236,1
3889-VWBID,No,0.03187083041322438,0
1223-UNPKS,No,0.0462253873208251,0
5380-WJKOV,Yes,0.7586500553583535,1
7228-PAQPD,No,0.21548382274425856,0
3761-FLYZI,No,0.5759402178670733,1
0506-LVNGN,Yes,0.8371745067821147,1
7839-QRKXN,Yes,0.6615668252558956,1
3908-BLSYF,Yes,0.7603679689061766,1
2137-DQMEV,No,0.05999982614254298,0
3807-XHCJH,No,0.4465852941085509,0
5146-YYFRZ,No,0.046159591723928445,0
4072-IPYLT,No,0.13237609449896848,0
8739-QOTTN,No,0.31642752185401474,0
2485-ITVKB,Yes,0.7595208885929371,1
4676-WLUHT,No,0.058614255997900336,0
1848-LBZHY,No,0.4382631268715391,0
2450-ZKEED,No,0.16422719865988983,0
4090-KPJIP,No,0.8617396405342441,1
6847-KJLTS,No,0.5301709395836158,1
7524-VRLPL,No,0.06143712167886158,0
8309-PPCED,No,0.12214467008168717,0
4229-CZMLL,Yes,0.8589251494423975,1
2096-XOTMO,No,0.1533016287002367,0
9796-MVYXX,No,0.11471329574276067,0
2720-WGKHP,Yes,0.8849042840206168,1
4011-ARPHK,No,0.13581776423060926,0
1230-QAJDW,No,0.6961574103125999,1
9987-LUTYD,No,0.10826086748954467,0
5495-GPSRW,No,0.08028277989429654,0
4694-PHWFW,No,0.20655440072807357,0
8849-GYOKR,Yes,0.2649516350520042,0
0969-RGKCU,No,0.05337766689767184,0
1754-GKYPY,No,0.6575564108520895,1
5989-OMNJE,No,0.2064621466990123,0
2609-IAICY,Yes,0.8791370706425145,1
4670-TABXH,No,0.20721407021657468,0
9644-KVCNC,No,0.23048018217886374,0
4211-MMAZN,Yes,0.5244153028676218,1
8099-MZPUJ,No,0.12872365524506646,0
3466-RITXD,No,0.4895735326817964,0
2573-GYRUU,No,0.5739945829431963,1
3721-CNZHX,No,0.09948900560040902,0
4750-ZRXIU,Yes,0.8823977576482421,1
0330-BGYZE,No,0.36408348714072886,0
6728-VOIFY,No,0.4648395362133016,0
8194-PEEBY,No,0.05780527567000419,0
8654-DHAOW,No,0.6303849990625399,1
1459-QNFQT,No,0.048259158152691856,0
2985-FMWYF,No,0.7856656551631102,1
6311-UEUME,Yes,0.6916398006747585,1
8626-PTQGE,No,0.0721510887825729,0
3923-CSIHK,Yes,0.6034933062822102,1
4195-NZGTA,No,0.7199475686374567,1
8807-ARQET,No,0.5048926644989398,1
6248-BSHKG,No,0.0436796566771435,0
4208-UFFGW,Yes,0.6328500464767958,1
5088-QZLRL,No,0.5397213999858592,1
3521-MNKLV,No,0.2720557187258824,0
8042-RNLKO,No,0.06700971385931456,0
4619-EVPHY,No,0.46559925203279,0
5469-NUJUR,No,0.08028277989429654,0
9122-UMROB,No,0.5244153028676218,1
2205-LPVGL,No,0.06912683042943622,0
1986-PHGZF,No,0.33479307357807064,0
0562-FGDCR,No,0.03197784156918607,0
4707-MAXGU,No,0.05678094424291957,0
7129-AZJDE,No,0.27309117296259755,0
9863-JZAIC,Yes,0.1748001866898132,0
4376-KFVRS,No,0.07267361506695988,0
6581-NQCBA,Yes,0.5252066096455441,1
8413-YNHNV,No,0.05196324101828562,0
5781-RFZRP,No,0.05150668819251375,0
5624-RYAMH,No,0.3917099996686645,0
4056-QHXHZ,No,0.11440316367721555,0
6899-PPEEA,Yes,0.7604535161626195,1
3961-SXAXY,No,0.7906712844990429,1
5049-MUBWG,No,0.1091431599263446,0
0640-YJTPY,No,0.03355417215232711,0
2159-TURXX,No,0.31523410901819293,0
7529-ZDFXI,No,0.6260753400343689,1
5075-JSDKI,No,0.08524092552025513,0
8587-XYZSF,No,0.05165543765815777,0
6941-KXRRV,No,0.14271919397794602,0
7029-RPUAV,Yes,0.736487048840997,1
2135-DQWAQ,No,0.8195967324033894,1
6047-SUHPR,No,0.07656131663586528,0
1963-VAUKV,Yes,0.5324614316602093,1
8495-LJDFO,No,0.4302990789124485,0
9648-BCHKM,No,0.07606714300898201,0
0485-ZBSLN,No,0.04713486766899897,0
5091-HFAZW,No,0.6745387363207496,1
9453-PATOS,No,0.04073026340285334,0
8406-LNMHF,No,0.13222682719407114,0
7503-QQRVF,Yes,0.7057053139731903,1
0056-EPFBG,No,0.06354885198792781,0
2305-MRGLV,No,0.3018274469891575,0
4727-MCYZG,No,0.6994851218281252,1
8058-DMYRU,No,0.6457500738750794,1
0428-IKYCP,No,0.5733625878163758,1
3891-NLXJB,No,0.06309565882722819,0
7502-BNYGS,No,0.2601680967593159,0
1768-HNVGJ,No,0.31339334430014437,0
7801-KICAO,No,0.7608357276975479,1
2528-HFYZX,Yes,0.7099217154632407,1
2709-UQGNP,No,0.362273624879127,0
7410-YTJIK,Yes,0.7445282228139457,1
0689-NKYLF,Yes,0.7955704237545662,1
8510-BBWMU,No,0.08537888879078394,0
8915-NNTRC,No,0.08839906565883228,0
8092-NLTGF,No,0.05080303087448423,0
8028-PNXHQ,No,0.049296818839781695,0
2925-VDZHY,No,0.04368849736122687,0
1678-FYZOW,Yes,0.8428992210568467,1
4830-FAXFM,No,0.2383108772113348,0
1322-AGOQM,Yes,0.17419466548433704,0
8183-ONMXC,Yes,0.749030399444098,1
9470-YFUYI,No,0.07493920280121134,0
8314-HTWVE,No,0.07907042219931716,0
1952-DVVSW,No,0.09314150218979263,0
5176-OLSKT,No,0.03941610642192605,0
2809-ZMYOQ,No,0.7534364743687367,1
8208-EUMTE,No,0.0831736814430024,0
0258-NOKBL,No,0.7270149775403498,1
4633-MKHYU,No,0.8174819414463624,1
5295-PCJOO,Yes,0.42075618646065094,0
7410-KTVFV,Yes,0.2651271878666133,0
9480-BQJEI,No,0.20541348192929462,0
2984-RGEYA,No,0.034576526692658024,0
8041-TMEID,No,0.23771858213193248,0
1910-FMXJM,No,0.5351362218191928,1
4060-LDNLU,No,0.8019096173328908,1
6408-OTUBZ,No,0.1857950590097348,0
3682-YEUWS,No,0.27115115379669946,0
5889-JTMUL,Yes,0.6592839397970459,1
8096-LOIST,No,0.5033861057204876,1
1325-USMEC,No,0.17173874200134198,0
4049-ZPALD,No,0.11698331882883084,0
6583-SZVGP,No,0.3513114184852755,0
2662-NNTDK,No,0.07596391322055257,0
4747-LCAQL,No,0.22435004545085502,0
2101-RANCD,No,0.6080627356760142,1
4776-XSKYQ,No,0.13568964710858764,0
5364-XYIRR,Yes,0.7086483880655059,1
1090-ESELR,No,0.08384363257679885,0
3207-OYBWH,Yes,0.49812774709820695,0
1303-SRDOK,No,0.09863670909044127,0
1139-WUOAH,No,0.0820146405634873,0
7923-IYJWY,No,0.1526807987373281,0
3011-WQKSZ,No,0.27042490830259364,0
0106-GHRQR,No,0.5147461947907978,1
1891-QRQSA,No,0.1419075314287824,0
2369-FEVNO,No,0.6574050741740052,1
9822-OAOVB,No,0.8153015031249009,1
6766-HFKLA,No,0.1524348947804424,0
3563-SVYLG,No,0.0330003565995323,0
2070-XYMFH,No,0.6421432270648189,1
0679-IDSTG,Yes,0.8362509124731693,1
1685-VAYJF,No,0.33905661207340143,0
8696-JKZNU,Yes,0.7032089730117274,1
9297-EONCV,No,0.05820990315601434,0
6907-FLBER,No,0.7235107051124618,1
5141-ZUVBH,No,0.46712467089267506,0
2582-FFFZR,No,0.57796247929356,1
7205-BAIAD,No,0.0655644367097872,0
4465-VDKIQ,No,0.5671078346246946,1
7434-SHXLS,Yes,0.5324614316602093,1
2408-PSJVE,No,0.11402114141568888,0
5445-GLVOT,No,0.41317788563082625,0
4546-FOKWR,No,0.756418152676015,1
0484-JPBRU,No,0.23415714959337855,0
0168-XZKBB,No,0.7825153529373313,1
5196-WPYOW,No,0.03319753274019157,0
8481-YYXWG,Yes,0.7071465881453595,1
5144-PQCDZ,No,0.44389971375253934,0
4075-JFPGR,No,0.21436530963669864,0
7136-IHZJA,No,0.11500381783530346,0
6047-YHPVI,Yes,0.8284600514781886,1
7781-EWARA,No,0.14895788935403306,0
3612-YVGSJ,No,0.07694904390335947,0
4818-DRBQT,Yes,0.5095772282279765,1
7629-WFGLW,No,0.10643236498525885,0
1989-PRJHP,Yes,0.6899997609094156,1
8621-MNIHH,Yes,0.6916272087078261,1
6668-CNMFP,No,0.28491218697000187,0
3317-VLGQT,No,0.7855476134491084,1
0040-HALCW,No,0.039709221866276026,0
2144-BFDSO,No,0.4126463671079655,0
3018-TFTSU,Yes,0.43841374735835537,0
2146-EGVDT,No,0.038068886222024895,0
4873-ILOLJ,Yes,0.7405503319233584,1
4701-LKOZD,No,0.059555936496241794,0
3985-HOYPM,No,0.05103763609738986,0
1247-QBVSH,No,0.10472912047249584,0
2607-DHDAK,No,0.04551121645532863,0
6143-JQKEA,No,0.5083028932079943,1
0076-LVEPS,No,0.14938053541564442,0
8221-HVAYI,No,0.0441651093530255,0
3298-QEICA,No,0.051205271422710176,0
5482-VXSXJ,No,0.6254555934693437,1
4522-AKYLR,No,0.6340887972457065,1
3125-RAHBV,No,0.07909736079489367,0
1447-GIQMR,Yes,0.8598696132153223,1
6698-OXETB,No,0.07930598375131886,0
3229-USWAR,No,0.13675869333628585,0
1121-QSIVB,No,0.12792443552317148,0
7673-BQGKU,No,0.034576526692658024,0
1047-RNXZV,No,0.04024451792410347,0
7131-ZQZNK,No,0.056064119978527054,0
8111-RKSPX,Yes,0.8334474558063415,1
4541-RMRLG,Yes,0.24282578080169748,0
6199-IPCAO,No,0.04338847174700448,0
5373-SFODM,Yes,0.6259494727583751,1
7762-ONLJY,No,0.10425112206036614,0
0637-YLETY,Yes,0.7845218595534257,1
7594-LZNWR,No,0.4538482189008237,0
6156-UZDLF,No,0.1418089950940371,0
8984-HPEMB,No,0.14042407976771806,0
5129-JLPIS,No,0.5184926131305077,1
5825-XJOCM,No,0.05952620008642077,0
2483-XSSMZ,No,0.16424610726939456,0
8268-YDIXR,No,0.17989377851489344,0
9711-FJTBX,No,0.07922463453102604,0
4329-YPDDQ,No,0.4914783675612653,0
4813-HQMGZ,No,0.7689765047966562,1
8908-SLFCJ,No,0.08721789997938229,0
7182-OVLBJ,No,0.10312102289427427,0
3498-LZGQZ,No,0.03983238785034635,0
5671-UUNXD,No,0.438981443822597,0
4283-FUTGF,Yes,0.780119216338226,1
0932-YIXYU,No,0.05333885292894989,0
0491-KAPQG,No,0.7497716086103082,1
5364-EVNIB,Yes,0.7775347966728587,1
9600-NAXZN,Yes,0.7586500553583535,1
5020-ZSTTY,Yes,0.1295567125692307,0
5832-EXGTT,No,0.151109937953005,0
8430-TWCBX,No,0.06418241523130955,0
6537-QLGEX,No,0.5167757057983459,1
5774-QPLTF,No,0.05671178238783247,0
8988-ECPJR,Yes,0.46063994095316074,0
2027-FECZV,Yes,0.8511527189660028,1
9063-ZGTUY,Yes,0.12280563071141677,0
7225-CBZPL,No,0.8097091598636866,1
9851-KIELU,Yes,0.5609482428861282,1
7527-QNRUS,No,0.0711660730937209,0
4785-NKHCX,No,0.35209042175297595,0
0524-IAVZO,Yes,0.7002686312234383,1
4078-SAYYN,Yes,0.8550867892966836,1
2737-YNGYW,Yes,0.749030399444098,1
2519-LBNQL,No,0.5669254586419767,1
7312-XSBAT,No,0.5049388347668808,1
5356-KZCKT,No,0.0819940810218671,0
6712-OAWRH,Yes,0.73582394999881,1
1728-CXQBE,No,0.6051361971897354,1
1666-JXLKU,No,0.7489779435923912,1
2495-INZWQ,Yes,0.7604221203255974,1
2878-RMWXY,No,0.14252674983222174,0
9286-DOJGF,Yes,0.5662941537437286,1
3665-JATSN,No,0.537237133873447,1
3796-ENZGF,No,0.048171246364278796,0
4908-XAXAY,No,0.2898595149125995,0
1110-KYLGQ,No,0.40717955454203936,0
2606-RMDHZ,Yes,0.6437425344796635,1
0461-CVKMU,Yes,0.3488023902736761,0
9107-UKCKY,No,0.3373938674054443,0
1140-UKVZG,No,0.20570032528758736,0
3841-CONLJ,No,0.729234215847759,1
2434-EEVDB,No,0.1281558722194449,0
5980-BDHPY,No,0.05625550886672873,0
1448-CYWKC,No,0.3490331250373749,0
6376-GAHQE,Yes,0.747178959271421,1
9746-UGFAC,No,0.07521640505495344,0
0336-KXKFK,No,0.08060431121420852,0
9506-UXUSK,No,0.7745939573773309,1
9143-CANJF,No,0.16998218296153858,0
2263-SFSQZ,No,0.049296818839781695,0
9079-YEXQJ,Yes,0.47092955558060984,0
6598-RFFVI,Yes,0.0815266493927267,0
8464-EETCQ,No,0.0460750800590652,0
7074-STDCN,No,0.3846601477677722,0
3453-RTHJQ,No,0.8284600514781886,1
3780-YVMFA,No,0.41009929365599623,0
2578-JQPHZ,No,0.13708878107779862,0
8033-VCZGH,No,0.4669971654315818,0
3407-JMJQQ,No,0.1973242719072087,0
7354-OIJLX,No,0.8401855640128142,1
9114-AAFQH,No,0.25246002785989463,0
5150-ITWWB,No,0.8849042840206168,1
5447-VYTKW,No,0.13162805565472316,0
6322-HRPFA,No,0.09919282309067966,0
3496-LFSZU,No,0.726873364757145,1
3926-YZVVX,No,0.0691613495977776,0
6139-ZZRBQ,No,0.07171907374982821,0
8375-KVTHK,No,0.36877147244866504,0
3932-CMDTD,Yes,0.6566196089992944,1
0975-UYDTX,No,0.15304217485173277,0
4701-AHWMW,Yes,0.25977547034338416,0
2091-MJTFX,Yes,0.1920932871825937,0
0883-EIBTI,Yes,0.243363222141455,0
2123-VSCOT,No,0.044982446070479874,0
8262-COGGB,No,0.6574050741740052,1
4365-MSDYN,No,0.33660088507355057,0
7758-XKCBS,Yes,0.5402213145494205,1
4785-FCIFB,No,0.05056426459830764,0
8277-RVRSV,No,0.06500428476235201,0
3363-EWLGO,No,0.3178102066727359,0
9154-QDGTH,No,0.40380486933934323,0
3870-MQAMG,Yes,0.36246017570562944,0
7249-WBIYX,Yes,0.8394592514101267,1
9039-ZVJDC,No,0.29997013815193174,0
9955-QOPOY,No,0.17126830764740478,0
6240-EURKS,Yes,0.42710006034221154,0
7534-BFESC,Yes,0.7567414955558622,1
8975-SKGRX,No,0.1352281358644283,0
0488-GSLFR,Yes,0.8736873045833817,1
5895-QSXOD,No,0.6490749829339019,1
9094-AZPHK,No,0.851455181723397,1
4612-THJBS,Yes,0.4543959717192902,0
6317-YPKDH,Yes,0.6442044276223247,1
5122-CYFXA,No,0.6255630128389019,1
5204-QZXPU,Yes,0.555222044610551,1
8938-UMKPI,Yes,0.7274021407493955,1
0909-SDHNU,No,0.26421759472672973,0
4644-PIZRT,No,0.09538661939780055,0
1657-DYMBM,No,0.04975810478787402,0
1575-KRZZE,No,0.4088783368014259,0
2018-PZKMU,No,0.5822355863058583,1
0134-XWXCE,No,0.14513921937305876,0
8985-OOPOS,No,0.4844222446439663,0
7931-PXHFC,Yes,0.12882564550717407,0
0071-NDAFP,No,0.059170001177862114,0
6295-OSINB,No,0.23298297942131124,0
9907-SWKKF,Yes,0.6810834783139922,1
6833-JMZYP,No,0.7672232538659182,1
8076-FEZKJ,No,0.08046457764660547,0
6892-XPFPU,Yes,0.7927530423041437,1
9103-TCIHJ,Yes,0.37857137003683045,0
7975-JMZNT,No,0.05218980288006488,0
7880-XSOJX,No,0.34116465437502286,0
5956-YHHRX,No,0.8061261427578615,1
0422-UXFAP,No,0.5484998512179816,1
3143-JQEGI,Yes,0.6378456231732613,1
0235-KGSLC,Yes,0.868014324167271,1
5701-SVCWR,No,0.45087257667097885,0
1084-UQCHV,Yes,0.7474068832627293,1
0096-FCPUF,No,0.22761992458312624,0
1170-SASML,No,0.4166963479027829,0
9121-PHQSR,No,0.7995723782711491,1
2700-LUEVA,No,0.5093256014182217,1
0463-ZSDNT,No,0.5037187199646199,1
7157-SMCFK,No,0.03680760958066548,0
8318-LCNBW,No,0.15167278115180693,0
5016-LIPDW,No,0.041882460941012604,0
5899-OUVKV,No,0.7035022082826337,1
5327-XOKKY,No,0.10221330001735143,0
8040-MNRTF,No,0.7988508635890745,1
6732-FZUGP,No,0.15984915766029778,0
7018-FPXHH,No,0.03501721065400886,0
4464-JCOLN,Yes,0.1232116694007762,0
2952-QAYZF,Yes,0.8609632241737887,1
7409-KIUTL,Yes,0.8420509632790983,1
6483-OATDN,No,0.3501674733670369,0
6048-UWKAL,No,0.1800865325935286,0
2040-XBAVJ,No,0.06361387538400812,0
7338-ERIVA,No,0.07510041109307929,0
9933-QRGTX,No,0.10276566306697224,0
6475-VHUIZ,No,0.2642748660856081,0
5699-BNCAS,No,0.07824117961993679,0
0431-APWVY,Yes,0.3155605191675573,0
3679-XASPY,No,0.40672629752833606,0
5405-ZMYXQ,No,0.8195837600315079,1
3301-LSLWQ,No,0.3850524638871218,0
8429-XIBUM,Yes,0.6145890005500947,1
1143-NMNQJ,Yes,0.8708424262055735,1
3723-BFBGR,No,0.24107564704671394,0
0506-YLVKJ,No,0.043825343114120556,0
9257-AZMTZ,No,0.034576526692658024,0
5103-MHMHY,Yes,0.6359164508388504,1
7242-EDTYC,No,0.03403534068405489,0
3295-YVUSR,No,0.8551415156802193,1
8660-BUETV,No,0.6179553289878202,1
9761-XUJWD,No,0.6074611954412695,1
0691-NIKRI,No,0.43006954124138624,0
1763-WQFUK,No,0.681314747655436,1
7504-UWHNB,No,0.5453749629221221,1
8559-CIZFV,Yes,0.07068155238147365,0
9283-LZQOH,Yes,0.6841034760649107,1
0979-PHULV,Yes,0.5087584991199616,1
5215-LNLDJ,No,0.5737589085489831,1
8008-HAWED,Yes,0.6680725699184737,1
3812-LRZIR,No,0.0692339245119214,0
3544-FBCAS,No,0.055403147955804144,0
4378-BZYFP,No,0.1026678200149531,0
2037-SGXHH,Yes,0.5995383721022824,1
2309-OSFEU,Yes,0.5235454608900153,1
5297-MDOIR,No,0.12846196294210552,0
6234-RAAPL,No,0.05290794105128587,0
7037-MTYVW,No,0.04847563492277308,0
6925-BAYGL,No,0.07112696058794976,0
4077-HWUYD,No,0.03980188575053947,0
1845-ZLLIG,No,0.7892295708855718,1
3450-WXOAT,No,0.25365606830161413,0
3727-RJMEO,Yes,0.8618282169130093,1
0983-TATYJ,No,0.07960618431571286,0
7746-QYVCO,No,0.09638243303275106,0
4640-UHDOS,Yes,0.37788812935914673,0
0931-MHTEM,No,0.336140503477997,0
9572-WUKSB,No,0.6731571269957349,1
8990-YOZLV,No,0.04631055895137074,0
7103-IPXPJ,No,0.38175801571021223,0
1045-LTCYT,No,0.2063888125813756,0
3334-CTHOL,Yes,0.7953816127015505,1
2834-JKOOW,No,0.1133130866011217,0
7321-KKSDU,No,0.03860254218432423,0
2105-PHWON,No,0.48237257478287465,0
3489-VSFRD,No,0.08145604647296514,0
7969-FFOWG,No,0.0348672670721576,0
8512-WIWYV,No,0.0659424453982495,0
2335-GSODA,No,0.05401315286960294,0
1122-JWTJW,Yes,0.8029990560866466,1
5562-YJQGT,No,0.33322369150130987,0
0023-UYUPN,No,0.11809263626243731,0
6559-RAKOZ,No,0.3728323333382509,0
8182-PNAGI,Yes,0.31241286829717685,0
7279-BUYWN,Yes,0.6357092960207757,1
2919-HBCJO,Yes,0.8139642135848897,1
6827-IEAUQ,No,0.042910439671681275,0
3692-JHONH,No,0.5685728529205034,1
2043-WVTQJ,No,0.4751097142083145,0
4381-MHQDC,No,0.04979206250160916,0
5985-BEHZK,No,0.3531906161109807,0
1776-SPBWV,No,0.06001480904570673,0
0603-TPMIB,No,0.04035948882813877,0
0876-WDUUZ,Yes,0.7816430968112481,1
6261-RCVNS,Yes,0.10694682377566135,0
5196-SGOAK,Yes,0.8705734637894755,1
9221-OTIVJ,Yes,0.855674968805401,1
5828-AVIPD,Yes,0.4718013921382367,0
8380-PEFPE,Yes,0.813028864110885,1
9040-KZVWO,No,0.14641372445647902,0
1345-GKDZZ,No,0.17159645549076513,0
0895-LMRSF,No,0.1862064879259579,0
6857-TKDJV,No,0.0414265253675942,0
6000-APYLU,Yes,0.8178814774358307,1
3055-MJDSB,No,0.600287799872609,1
4154-AQUGT,Yes,0.6513829581653525,1
0377-JBKKT,No,0.1233578940269962,0
1766-GKNMI,No,0.703545365546153,1
2957-JIRMN,No,0.2723066426130659,0
2188-SXWVT,No,0.056756656660690054,0
3452-ABWRL,No,0.5938963982499527,1
3571-DPYUH,No,0.14478762385317923,0
6519-ZHPXP,No,0.09258205257708087,0
7602-DBTOU,No,0.04338520387462194,0
7969-AULMZ,Yes,0.8057562056818114,1
9574-RKJIF,Yes,0.4731509136986736,0
0019-GFNTW,No,0.050726882524643975,0
7611-YKYTC,No,0.3362069589551842,0
1218-VKFPE,Yes,0.14534123780900252,0
6469-MRVET,No,0.2963247325307911,0
6036-TTFYU,No,0.21599827353131665,0
2831-EBWRN,No,0.7480812416972172,1
1089-HDMKP,No,0.3302030467442655,0
9803-FTJCG,No,0.0500433945150196,0
8580-QVLOC,Yes,0.04534410647270078,0
2514-GINMM,Yes,0.8733302769511434,1
3920-HIHMQ,No,0.19647647166401533,0
0835-DUUIQ,No,0.060941503254378894,0
9591-YVTEB,No,0.46980255265790455,0
2877-VDUER,No,0.08054094398402364,0
7893-IXHRQ,Yes,0.5397213999858592,1
0187-QSXOE,No,0.8515678417902344,1
1965-DDBWU,Yes,0.7235466443762212,1
6137-NICCO,No,0.7927154681932529,1
8378-LKJAF,No,0.5884116295367832,1
8132-YPVBX,No,0.8173246789306456,1
1265-HVPZB,No,0.06531770961000535,0
3946-JEWRQ,No,0.40251165676254613,0
1862-SKORY,Yes,0.528384316925912,1
7239-HZZCX,Yes,0.5368757827035108,1
7077-XJMET,No,0.46179745259498617,0
6174-NRBTZ,No,0.09503698743803557,0
1269-FOYWN,No,0.04674134636050738,0
2272-JKMSI,No,0.2998019124316353,0
0020-INWCK,No,0.12937336304960584,0
5996-DAOQL,No,0.6574050741740052,1
0376-YMCJC,Yes,0.6252657007410173,1
0068-FIGTF,No,0.11329661143428721,0
5627-TVBPP,No,0.07420672628177845,0
1862-QRWPE,No,0.03648856394864903,0
0668-OGMHD,No,0.31283210276874635,0
0214-JHPFW,No,0.062496378878284575,0
2223-KAGMX,Yes,0.19512665356253778,0
3354-OADJP,No,0.1628782315927071,0
1775-KWJKQ,No,0.04368849736122687,0
1658-XUHBX,No,0.4120028557149234,0
3722-WPXTK,Yes,0.877038563432448,1
1097-FSPVW,No,0.1633085256101265,0
0297-RBCSG,No,0.1504350643638486,0
8763-KIAFH,No,0.06001480904570673,0
4323-OHFOW,No,0.35678363655894724,0
3400-ESFUW,Yes,0.02815796487133264,0
9381-NDKME,Yes,0.40483320984472904,0
6231-WFGFH,No,0.3174634295560925,0
6734-FQAJX,No,0.16551519699418693,0
9220-ZNKJI,No,0.11251729177693123,0
2533-QVMSK,Yes,0.15968466161526612,0
3719-TDVQB,No,0.0678812014177933,0
9367-TCUYN,No,0.22566994311260855,0
4223-BKEOR,No,0.09796513674385257,0
5334-JLAXU,No,0.42025999482771476,0
3594-KADLU,No,0.4002735065419573,0
6303-KFWSL,No,0.2250650477816833,0
4039-PIMHX,No,0.056342309002701596,0
5208-FVQKB,No,0.03710922840087965,0
8166-ZZTFS,Yes,0.08757739425334832,0
5533-NHFRF,No,0.6302300371033375,1
6362-QHAFM,No,0.47742680501167806,0
0916-KNFAJ,No,0.059831527814791625,0
7167-PCEYD,No,0.06350060716477905,0
7521-AFHAB,No,0.47739825004950576,0
0326-VDYXE,No,0.5432661624166859,1
5120-ZBLAI,No,0.13033422236985234,0
2077-DDHJK,No,0.04593906028168288,0
7587-RZNME,Yes,0.7613305938804733,1
0581-MDMPW,No,0.6543688369748245,1
2800-QQUSO,No,0.62552865941855,1
8535-SFUTN,No,0.6128604818712874,1
6754-WKSHP,No,0.057461817131047276,0
3113-IWHLC,No,0.5098508347566315,1
0347-UBKUZ,No,0.22566994311260855,0
7359-WWYJV,No,0.09300072837130327,0
7126-RBHSD,No,0.5360099983546488,1
3506-OVLKD,No,0.0673032055560812,0
3751-KTZEL,Yes,0.6987185162885057,1
6353-BRMMA,No,0.3711318942728642,0
5003-XZWWO,No,0.06201095112708616,0
8869-LIHMK,No,0.16724799736760487,0
8212-DJRCH,No,0.5849662530126198,1
3318-ISQFQ,No,0.21661635833192253,0
2509-TFPJU,No,0.05678094424291957,0
4480-MBMLB,No,0.4787217407076293,0
5939-SXWHM,No,0.04370021237112334,0
2890-WFBHU,No,0.10722268860598302,0
4512-ZUIYL,Yes,0.7050220792817637,1
4819-HJPIW,No,0.21003518423553688,0
7056-IMHCC,Yes,0.7244303301509182,1
8327-LZKAS,Yes,0.4777227198679812,0
3703-KBKZP,No,0.7647442763767359,1
3982-JGSFD,No,0.09492941743679645,0
7901-IIDQV,No,0.091200404041659,0
9359-JANWS,No,0.04437789368627226,0
4112-LUEIZ,Yes,0.8211832662157535,1
0430-IHCDJ,No,0.6681318414464987,1
2865-TCHJW,Yes,0.8807942255127678,1
4504-YOULA,No,0.162378984406817,0
5027-YOCXN,No,0.20849636542298206,0
6710-HSJRD,No,0.582388258480529,1
6048-QBXKL,No,0.7629877810019711,1
3077-RSNTJ,No,0.2152541375098288,0
0621-HJWXJ,No,0.4255115644376442,0
8443-ZRDBZ,Yes,0.8620000608181901,1
7422-WNBTY,No,0.6848366005390498,1
5915-ANOEI,No,0.04521837299245019,0
7994-UYIVZ,No,0.8261686419280129,1
2839-RFSQE,Yes,0.32871065217209344,0
7018-WBJNK,No,0.669905456417526,1
0436-TWFFZ,No,0.06263724899668456,0
6298-QDFNH,Yes,0.7529330040537584,1
2228-BZDEE,No,0.045779156738780864,0
5740-YHGTW,No,0.3410167900935397,0
4816-OKWNX,No,0.309577376035965,0
8999-XXGNS,No,0.44246058354464,0
5760-WRAHC,No,0.2669329521360989,0
3296-SILRA,Yes,0.8605413668970351,1
2000-MPKCA,No,0.4401532371569554,0
0732-OCQOC,No,0.04741202055171867,0
5924-SNGKP,No,0.07420672628177845,0
4667-QONEA,No,0.08619387608847678,0
4905-JEFDW,Yes,0.4054789608800501,0
2025-JKFWI,Yes,0.7597965828464661,1
7579-KKLOE,No,0.045244608721270556,0
9127-FHJBZ,No,0.06867507392384616,0
4301-VVZKA,No,0.8097695604564336,1
9896-UYMIE,No,0.3129318780198451,0
2108-YKQTY,Yes,0.5411491076349032,1
4423-JWZJN,No,0.20084064784494193,0
9112-WSNPU,No,0.5461560287335304,1
5171-EPLKN,No,0.052170636522683396,0
0301-KOBTQ,No,0.0653431111461789,0
9254-RBFON,Yes,0.3085488646331415,0
7821-DPRQE,No,0.44891058390764105,0
3164-YAXFY,No,0.45904996998897657,0
2856-HYAPG,Yes,0.8112412604384237,1
6292-TOSSS,No,0.052754289418219885,0
3904-UKFRE,No,0.7010689340708329,1
3043-TYBNO,No,0.5673723546378118,1
3191-CSNMG,No,0.7686844708600884,1
9995-HOTOH,No,0.09371599084836703,0
0390-DCFDQ,Yes,0.8603699873637877,1
5014-WUQMG,No,0.26894940469197787,0
3884-UEBXB,No,0.039317658310001724,0
8714-EUHJO,Yes,0.5967796515686303,1
8263-OKETD,No,0.29271324538212845,0
7619-ODSGN,Yes,0.24203761744814883,0
4652-NNHNY,Yes,0.7340718322599668,1
2391-SOORI,Yes,0.34034963303405347,0
7892-POOKP,Yes,0.6021523931393907,1
8976-OQHGT,Yes,0.37117187827599185,0
2034-GDRCN,Yes,0.846656154258007,1
9397-TZSHA,No,0.0598425295045209,0
8189-HBVRW,No,0.3247754688421588,0
3318-OSATS,Yes,0.7624814658942515,1
1112-CUNAO,Yes,0.7198593618179516,1
6164-HAQTX,No,0.05790512890032099,0
9531-NSBMR,No,0.07527163711350285,0
7488-MXJIV,Yes,0.8691047070571154,1
4806-DXQCE,No,0.17805879673025277,0
0869-PAPRP,No,0.5757475021737674,1
3570-YUEKJ,No,0.42843089487586933,0
4785-QRJHC,Yes,0.191842436073078,0
8727-JQFHV,No,0.0348672670721576,0
5067-XJQFU,No,0.30523903443980227,0
3606-SBKRY,No,0.3950683782429967,0
5600-KTXFM,No,0.6445087204568993,1
4445-KWOKW,No,0.08239956121377164,0
7198-GLXTC,Yes,0.7354345043660038,1
0923-PNFUB,Yes,0.7289691178513928,1
9069-LGEUL,No,0.22138163737593092,0
5269-NRGDP,No,0.14390133821001375,0
6357-JJPQT,No,0.8428992210568467,1
4919-IKATY,Yes,0.6124144395852048,1
7568-PODML,Yes,0.7984305223721507,1
4132-POCZS,No,0.4024173154046726,0
3945-GFWQL,Yes,0.47548644163825804,0
3372-CDXFJ,No,0.09710362566949138,0
8050-XGRVL,No,0.05016275614956348,0
1208-NBVFH,No,0.3599224083476976,0
1735-XMJVH,No,0.23678906404968686,0
8720-RQSBJ,No,0.7346759688968207,1
0123-CRBRT,No,0.038800640544484045,0
6988-CJEYV,No,0.6155915412988391,1
2907-ILJBN,No,0.07761260722226984,0
3235-ETOOB,Yes,0.6199301726336551,1
0128-MKWSG,No,0.15003253683833906,0
5052-PNLOS,Yes,0.8669519733433406,1
8845-LWKGE,No,0.10531334508703093,0
9986-BONCE,Yes,0.3178102066727359,0
3108-PCCGG,No,0.0636094365477847,0
1194-BHJYC,No,0.0677432197529985,0
9975-GPKZU,No,0.04189277419276801,0
8347-GDTMP,No,0.04850418801122465,0
8292-FRFZQ,No,0.07090705016295232,0
2481-SBOYW,No,0.05809533654935083,0
4061-UKJWL,No,0.6103036925805521,1
4674-HGNUA,No,0.04537956268082189,0
3372-KWFBM,Yes,0.8479877334048825,1
8879-XUAHX,No,0.1527356922520535,0
7776-QGYJC,No,0.32955033330179345,0
1840-BIUOG,No,0.2254228785799528,0
0100-DUVFC,No,0.5669254586419767,1
9391-TTOYH,No,0.20706899469999157,0
8266-VBFQL,No,0.7423939005078474,1
6319-QSUSR,No,0.17423081952142594,0
9138-EFSMO,No,0.22797832065252818,0
9153-BTBVV,No,0.05056426459830764,0
0928-JMXNP,No,0.7722954082208159,1
8097-VBQTZ,No,0.17304803892928208,0
2761-OCIAX,Yes,0.8291684994101227,1
2139-FQHLM,No,0.4211336826348659,0
1465-VINDH,Yes,0.7552917308749048,1
6620-HVDUJ,No,0.13568395784137968,0
6285-FTQBF,No,0.04538150064020785,0
4646-QZXTF,No,0.32486610552240325,0
4829-ZLJTK,No,0.15261844795122115,0
3144-KMTWZ,No,0.4764318370259974,0
3995-WFCSM,No,0.6316808842999069,1
2400-FEQME,No,0.0348672670721576,0
7982-VCELR,No,0.5899060130052967,1
3192-LNKRK,No,0.4499000615358157,0
9747-DDZOS,Yes,0.7988508635890745,1
5228-EXCET,Yes,0.791523878154078,1
5542-NKVRU,No,0.0655644367097872,0
9465-RWMXL,Yes,0.6674636647821373,1
3721-CNEYS,Yes,0.825700700280071,1
4088-YLDSU,Yes,0.4575887973219187,0
7036-ZZKBD,No,0.21343677793582888,0
3022-BEXHZ,No,0.1746075192099345,0
5970-GHJAW,No,0.04189277419276801,0
4282-MSACW,No,0.33460138421112323,0
0254-FNMCI,No,0.14255389769861992,0
7105-MXJLL,No,0.125741661773531,0
8631-WUXGY,No,0.6235874822867361,1
8974-OVACP,No,0.5324614316602093,1
4342-HENTK,Yes,0.8409291059566399,1
9518-XXBXE,No,0.49813680292283397,0
7072-MBHEV,No,0.7283622092234604,1
0684-AOSIH,Yes,0.7158981719303651,1
4415-IJZTP,Yes,0.8790217861923111,1
8384-FZBJK,No,0.563436383152291,1
4760-THGOT,No,0.5306237762150278,1
8191-XWSZG,No,0.05818039849523986,0
5609-CEBID,Yes,0.7889264245900791,1
0902-RFHOF,No,0.05809525224021039,0
8709-KRDVL,No,0.7480081684682058,1
6848-HJTXY,No,0.04850418801122465,0
1087-UDSIH,Yes,0.4757218750243222,0
3594-UVONA,Yes,0.16359326769544433,0
2956-GGUCQ,Yes,0.6500935463745182,1
4706-AXVKM,Yes,0.8038733013906225,1
2484-DGXPZ,Yes,0.138531804289815,0
9540-JYROE,Yes,0.771094140770039,1
3785-KTYSH,No,0.052754289418219885,0
5949-HGVJL,No,0.3207569648739728,0
2017-CCBLH,No,0.10122071305669385,0
4160-AMJTL,Yes,0.34017939438189776,0
7531-GQHME,No,0.22712397547071508,0
1004-NOZNR,No,0.219006891038874,0
9602-WCXPI,No,0.06565446992008231,0
0604-THJFP,No,0.04220573024258911,0
3597-YASZG,No,0.20019951620421803,0
0121-SNYRK,No,0.08616396407224722,0
4304-TSPVK,No,0.10306611069157372,0
1493-AMTIE,Yes,0.6574050741740052,1
0924-BJCRC,No,0.4522660485799791,0
7075-BNDVQ,No,0.394947808608387,0
2995-YWTCD,No,0.07018648594923242,0
9208-OLGAQ,No,0.7608052855986049,1
4128-ETESU,No,0.6296008156815325,1
3694-GLTJM,No,0.44698282544112056,0
9667-TKTVZ,No,0.7298878543154858,1
6857-VWJDT,Yes,0.827099702425731,1
6284-KMNUF,No,0.3994340875824746,0
2669-QVCRG,No,0.48035963383958985,0
8806-EAGWC,Yes,0.6011694113830733,1
8840-DQLGN,Yes,0.38294189765919506,0
5312-TSZVC,No,0.07915797233571982,0
2867-UIMSS,Yes,0.8080542922797882,1
0330-IVZHA,Yes,0.7377931557126362,1
7750-EYXWZ,No,0.27206183333701905,0
3126-WQMGH,No,0.26870164832778937,0
4547-LYTDD,Yes,0.7116670276443475,1
1116-DXXDF,No,0.22646717517715254,0
6713-OKOMC,No,0.25486340588174433,0
9565-JSNFM,Yes,0.215250917645851,0
8690-ZVLCL,No,0.045523885205669135,0
5301-GAUUY,Yes,0.5291807048335448,1
0959-WHOKV,No,0.37661300753352484,0
3716-BDVDB,Yes,0.8689840637802094,1
6749-UTDVX,No,0.40798587912686407,0
5236-PERKL,Yes,0.1796905713664009,0
0895-LNKRC,No,0.09089154404743563,0
7115-IRDHS,No,0.04868984625914494,0
0866-QLSIR,Yes,0.07549582681025685,0
0519-DRGTI,No,0.13277695470479953,0
7016-NVRIC,No,0.20094475261259762,0
2608-BHKFN,Yes,0.8049261973916486,1
9945-PSVIP,No,0.04576411128450111,0
6619-RPLQZ,No,0.03648856394864903,0
6521-YYTYI,Yes,0.83292857076838,1
9992-UJOEL,No,0.7188051242831665,1
6682-VCIXC,No,0.07300094439301898,0
5371-VYLSX,No,0.5038897218096013,1
9050-QLROH,Yes,0.6730939543570902,1
5568-DMXZS,No,0.5418843882563993,1
4770-QAZXN,No,0.2015806631927553,0
8622-ZLFKO,No,0.8644132344578196,1
2725-IWWBA,No,0.04614934974844253,0
2480-SQIOB,No,0.5330394267090283,1
5684-FJVYR,No,0.038408978911882996,0
3413-DHLPB,No,0.4004940494321619,0
3551-HUAZH,Yes,0.8830936690066937,1
5829-NVSQN,No,0.11447751190543541,0
0744-GKNGE,No,0.18748031764266218,0
5583-EJXRD,No,0.05677743302823589,0
6821-BUXUX,Yes,0.7221158221717636,1
0135-NMXAP,Yes,0.7803789173474734,1
4667-OHGKG,Yes,0.44813059391479987,0
1635-NZATJ,No,0.0653261358441118,0
6921-OZMFH,No,0.5505718972772543,1
5442-BHQNG,No,0.7339651976024092,1
3247-ZVOUO,Yes,0.7539596675917172,1
5148-ORICT,No,0.04283230729046524,0
2604-IJPDU,No,0.485533118470913,0
2930-UOTMB,Yes,0.1593211705253863,0
6701-DHKWQ,No,0.05097009969019572,0
5067-DGXLL,No,0.32162541653352555,0
9800-ONTFE,No,0.5625092623690562,1
6258-NGCNG,No,0.32038901223784,0
6088-BXMRG,No,0.6518978436220646,1
5067-WJEUN,No,0.0355290474354279,0
7159-FVYPK,No,0.6208396138349775,1
8015-IHCGW,No,0.05916964453234376,0
5360-XGYAZ,No,0.04461611268545072,0
7649-SIJJF,No,0.04840045793176872,0
9470-RTWDV,No,0.1347317737347799,0
3352-ALMCK,No,0.6468260317206658,1
3391-JSQEW,No,0.21439528855208217,0
8701-DGLVH,No,0.046159591723928445,0
4369-HTUIF,Yes,0.710086812834803,1
0221-NAUXK,No,0.10188280364711268,0
6171-ZTVYB,No,0.11987764775045558,0
6397-JNZZG,Yes,0.2681375642859324,0
8751-EDEKA,No,0.4024015965830485,0
1555-DJEQW,Yes,0.11629943980405424,0
6198-ZFIOJ,No,0.784010169371497,1
4237-CLSMM,No,0.3094849828157528,0
0953-LGOVU,No,0.2023211345954335,0
3174-AKMAS,No,0.05900782751542302,0
8896-BQTTI,No,0.6638392162153588,1
4742-TXUEX,No,0.03497642371720346,0
3950-VPYJB,No,0.03319753274019157,0
3410-MHHUM,No,0.2979249272252908,0
7128-GGCNO,No,0.40484262911097596,0
0678-RLHVP,No,0.2697381618223196,0
1386-ZIKUV,No,0.30327310549414827,0
0256-LTHVJ,Yes,0.5874690851463017,1
4641-FROLU,No,0.03564825068261993,0
9674-EHPPG,No,0.06283673064535229,0
1023-BQXZE,No,0.07167160025224507,0
5214-CHIWJ,No,0.05809525224021039,0
7398-LXGYX,No,0.4110036750367449,0
8792-AOROI,No,0.10558321671409356,0
2673-ZALNP,No,0.13298104900682509,0
8059-UDZFY,No,0.5846127479255124,1
9637-EIHEQ,Yes,0.6655863022129468,1
2676-SSLTO,No,0.07417987081841522,0
2266-SJNAT,No,0.32636774040784977,0
8181-YHCMF,No,0.05054250340467749,0
3932-IJWDZ,No,0.5543483413314461,1
5339-PXDVH,No,0.5963383850216802,1
0315-LVCRK,No,0.6710309508392938,1
1062-LHZOD,Yes,0.8029990560866466,1
1707-HABPF,No,0.23671269972086573,0
5136-GFPMB,No,0.41434337956525713,0
0824-VWDPO,No,0.19267034071380282,0
1587-FKLZB,Yes,0.5059779349046859,1
4962-CHQPW,No,0.049528794497536256,0
5167-ZFFMM,Yes,0.8689093339189796,1
3373-DIUUN,No,0.03657117102012213,0
6614-YOLAC,No,0.04259572243437394,0
2360-RDGRO,No,0.6035473690125329,1
6194-HBGQN,No,0.09400589582505439,0
4002-BQWPQ,No,0.16738762545508926,0
2860-RANUS,Yes,0.7123137954014113,1
7881-EVUAD,Yes,0.5847337052025647,1
6599-GZWCM,No,0.39117599884792204,0
0310-MVLET,Yes,0.563436383152291,1
4826-TZEVA,No,0.3975185449574874,0
0841-NULXI,Yes,0.8202640223085792,1
3063-QFSZL,Yes,0.8153015031249009,1
0447-BEMNG,Yes,0.23987656247061384,0
8111-SLLHI,Yes,0.7532325884367499,1
6770-XUAGN,Yes,0.5302876448992387,1
1355-KUSBG,No,0.5522394891086903,1
9227-YBAXE,No,0.03793114665721445,0
6997-UVGOX,No,0.03356937316812041,0
3967-KXAPS,No,0.05776991784971046,0
8375-DKEBR,Yes,0.8804330629165581,1
8204-TIFGJ,No,0.23892671170452567,0
1849-RJYIG,No,0.49241063930875656,0
0513-RBGPE,No,0.04699411007039352,0
1985-MBRYP,No,0.0655644367097872,0
6137-MFAJN,No,0.433028832467677,0
9058-CBREO,Yes,0.7246154871669336,1
3948-FVVRP,No,0.28899367100400364,0
9710-ZUSHQ,Yes,0.5518871862929025,1
0058-EVZWM,No,0.3998193599654482,0
1567-DSCIC,Yes,0.8587841405800171,1
2606-PKWJB,No,0.05612959114847717,0
8224-KDLKN,No,0.03987661617937601,0
7779-LGOVN,Yes,0.85023135864398,1
8204-YJCLA,No,0.04927015216551385,0
0611-DFXKO,Yes,0.6016691166319488,1
8050-DVOJX,No,0.060178920677584104,0
9867-JCZSP,No,0.06099995286122501,0
4724-WXVWF,No,0.39274818087978774,0
9046-JBFWA,No,0.09673223454438185,0
1094-BKOSX,No,0.09536783502787916,0
8958-JPTRR,No,0.1068561901413121,0
5419-CONWX,Yes,0.849829308419605,1
5127-BZENZ,No,0.053582163572261476,0
9548-LIGTA,No,0.051443284923073915,0
6164-HXUGH,No,0.2152541375098288,0
9860-LISIZ,No,0.13993503035910518,0
8679-LZBMD,No,0.3238054319337378,0
4626-OZDTJ,No,0.16142317354406427,0
6500-JVEGC,No,0.16610256833146295,0
3716-UVSPD,No,0.6614486847456762,1
9885-MFVSU,No,0.061268343982166615,0
4587-VVTOX,Yes,0.8738835065033825,1
6817-WTYHE,No,0.6025811179204321,1
6870-ZWMNX,No,0.05606909901190142,0
2055-PDADH,Yes,0.8489523325119349,1
9767-FFLEM,No,0.5320937568699471,1
5759-RCVCB,Yes,0.6165794385067254,1
6434-TTGJP,No,0.06952265094555633,0
2332-TODQS,No,0.07691218635455786,0
9110-HSGTV,No,0.0669357019572855,0
8319-QBEHW,No,0.09895524997082863,0
3530-CRZSB,No,0.28147570912166914,0
9258-CNWAC,No,0.08694306109130429,0
7878-JGDKK,No,0.5651857381201464,1
1304-BCCFO,No,0.5839003143422594,1
4317-VTEOA,Yes,0.8138917743595008,1
1391-UBDAR,No,0.6486593917396747,1
6682-QJDGB,Yes,0.14006896047419523,0
4343-EJVQB,No,0.49375054264646384,0
2805-EDJPQ,No,0.21683639513437508,0
3982-DQLUS,No,0.29135536480155655,0
9489-UTFKA,No,0.3640600163516651,0
4851-BQDNX,No,0.28539355152083506,0
4824-GUCBY,No,0.5044405125257949,1
0961-ZWLVI,No,0.3559684855277906,0
7005-CCBKV,Yes,0.8381703249755412,1
9402-ORRAH,No,0.8384232900405144,1
9897-KXHCM,Yes,0.7738454780167505,1
8873-GLDMH,No,0.8324413877002506,1
2519-TWKFS,No,0.08283884506049208,0
7690-KPNCU,No,0.10890757380337936,0
3577-AMVUX,No,0.6132719537610498,1
7009-PCARS,No,0.04042556560722451,0
4536-PLEQY,No,0.7046533506048052,1
3079-BCHLN,No,0.05485105012708972,0
4191-XOVOM,No,0.488976494183241,0
9592-ERDKV,No,0.11199644112137914,0
4029-HPFVY,No,0.8082130899288953,1
5928-QLDHB,No,0.8401855640128142,1
2969-QWUBZ,No,0.6347775386270824,1
7924-GJZFI,No,0.7060408446770516,1
3707-GNWHM,Yes,0.8667171278633219,1
3757-NJYBX,Yes,0.5289532534159028,1
2091-RFFBA,Yes,0.7032089730117274,1
9279-CJEOJ,No,0.7242612673980054,1
0222-CNVPT,No,0.3725900825965171,0
6127-ISGTU,Yes,0.831505841595083,1
4468-YDOVK,No,0.5227341695306817,1
0835-JKADZ,No,0.2090826070433558,0
0388-EOPEX,Yes,0.6297160552385462,1
1929-ZCBHE,No,0.0873258604814137,0
9033-EOXWV,Yes,0.26702444350394167,0
4291-HYEBC,No,0.2505485794238624,0
6408-WHTEF,No,0.03980188575053947,0
3173-NVMPX,No,0.4855840758789802,0
0487-CRLZF,No,0.06830456157180745,0
7295-JOMMD,Yes,0.7410964675346319,1
7273-TEFQD,Yes,0.8013916618544062,1
6967-PEJLL,No,0.09646765957237705,0
4184-VODJZ,No,0.29177917725061026,0
4377-VDHYI,No,0.24811411828507665,0
8043-PNYSD,No,0.033419985299048556,0
6646-VRFOL,Yes,0.7295541499423372,1
9824-BEMCV,Yes,0.6213708501469919,1
8805-JNRAZ,No,0.57409627183753,1
3589-PPVKW,No,0.6063802598610665,1
4678-DVQEO,Yes,0.6655863022129468,1
0567-GGCAC,No,0.34301676437976125,0
2252-NKNSI,No,0.04326993687250069,0
8393-JMVMB,No,0.41965893916345876,0
8849-AYPTR,No,0.5552273144148715,1
7606-BPHHN,No,0.06941038963008717,0
3525-DVKFN,No,0.04940130226918254,0
7617-EYGLW,No,0.4740106130646622,0
0818-OCPZO,Yes,0.6850793876463188,1
7742-MYPGI,No,0.4541326917079336,0
2659-VXMWZ,Yes,0.3255559773318078,0
6437-UKHMV,Yes,0.8428992210568467,1
0723-VSOBE,No,0.27979043512074186,0
9483-GCPWE,No,0.09335203414000698,0
0576-WNXXC,Yes,0.7090043938944537,1
8218-FFJDS,No,0.05414695635050642,0
1936-UAFEH,No,0.1512917478043706,0
3023-GFLBR,Yes,0.45169600333325355,0
2522-AHJXR,No,0.4225406992247078,0
2995-UPRYS,Yes,0.3504249092583111,0
1902-XBTFB,Yes,0.6645923098004394,1
6094-ZIVKX,No,0.08688130126907893,0
2868-LLSKM,No,0.09198935862442313,0
2311-QYMUQ,Yes,0.6582489242071679,1
8083-YTZES,Yes,0.8589251494423975,1
8336-TAVKX,No,0.04281349519823806,0
2545-EBUPK,No,0.8823977576482421,1
9611-CTWIH,Yes,0.854440519667279,1
0310-VQXAM,No,0.258753319090104,0
3179-GBRWV,No,0.27547536501033604,0
7623-TRNQN,Yes,0.5891173954401496,1
3223-WZWJM,Yes,0.703545365546153,1
4749-OJKQU,No,0.8617396405342441,1
7163-OCEQI,No,0.15509344581790946,0
5174-ITUMV,No,0.4657529696497924,0
2001-MCUUW,No,0.25792437002428475,0
7399-QHBJS,No,0.033655254168516745,0
1270-XKUCC,No,0.0371883168056035,0
8819-IMISP,No,0.6788888087211277,1
1619-YWUBB,No,0.07694904390335947,0
7816-VGHTO,No,0.1464913744888443,0
6388-TABGU,No,0.03783330024041347,0
8409-WQJUX,No,0.2523850592953154,0
6845-RGTYS,Yes,0.5501650769267582,1
8097-OMULG,No,0.08642303261434393,0
1104-FEJAM,No,0.23703800896422061,0
0872-NXJYS,Yes,0.8240477620726006,1
0670-KDOMA,No,0.6615668252558956,1
3635-QQRQD,No,0.07202209790068893,0
6578-KRMAW,No,0.47725821327778745,0
2165-VOEGB,Yes,0.24198586987002094,0
1448-PWKYE,Yes,0.763060712837409,1
2748-MYRVK,Yes,0.3205143249690443,0
7868-BGSZA,No,0.2762240482796562,0
9013-AQORL,No,0.17352757725463078,0
5482-PLVPE,Yes,0.6517385242596835,1
9450-TRJUU,No,0.5802649539136439,1
9174-IHETN,No,0.11699638803898597,0
5736-YEJAX,No,0.04590682019393838,0
9787-XVQIU,Yes,0.8765086833084644,1
1265-BCFEO,No,0.07046639332247422,0
0334-ZFJSR,No,0.0733127957842057,0
9940-RHLFB,Yes,0.8112412604384237,1
5555-RNPGT,No,0.19809124805882883,0
7343-EOBEU,No,0.5185975833867077,1
8327-WKMIE,No,0.0659424453982495,0
6752-APNJL,No,0.09248309081882614,0
5158-RIVOP,No,0.06237273273465236,0
8421-WZOOW,No,0.2850641656587454,0
9025-ZRPVR,Yes,0.31021107996195174,0
2260-USTRB,Yes,0.8218373747005453,1
1834-ABKHQ,No,0.06188985892127574,0
9369-XFEHK,Yes,0.5398262762160402,1
5419-KLXBN,Yes,0.5002838594008515,1
8821-KVZKQ,No,0.11630050931131487,0
0379-DJQHR,No,0.041939350925719425,0
5206-XZZQI,No,0.33846287484836185,0
8393-DLHGA,Yes,0.678983977039895,1
1525-LNLOJ,No,0.05695864976891737,0
2961-VNFKL,No,0.07694904390335947,0
2282-YGNOR,No,0.07148094302451358,0
1395-WSWXR,No,0.05480714097470111,0
0002-ORFBO,No,0.1962187473685205,0
2405-LBMUW,No,0.08540230776426402,0
8722-NGNBH,Yes,0.37357564161277046,0
4189-NAKJS,No,0.12416383484940387,0
1257-SXUXQ,No,0.20043872929196593,0
9840-DVNDC,Yes,0.816137920994363,1
0337-CNPZE,Yes,0.7434848983490812,1
3858-XHYJO,No,0.29131893802688485,0
1179-INLAT,No,0.17399051510885502,0
3916-NRPAP,No,0.7423548480825055,1
6344-SFJVH,No,0.23047724200511163,0
3399-BMLVW,No,0.03327838455073167,0
9274-UARKJ,No,0.7334327896908805,1
3887-PBQAO,No,0.07720181550625792,0
7217-JYHOQ,No,0.1457271662830029,0
0402-CQAJN,Yes,0.6207021106781241,1
0440-QEXBZ,No,0.24819459238297711,0
6734-PSBAW,No,0.0663527426628998,0
1301-LOPVR,No,0.12118710068952679,0
6891-JPYFF,No,0.4382261524178802,0
1809-DMJHQ,Yes,0.482737807426184,0
7067-KSAZT,Yes,0.5404455306581036,1
3211-ILJTT,Yes,0.5414231444308651,1
7817-BOQPW,Yes,0.8617396405342441,1
9576-SYUHJ,No,0.5686236279221989,1
4188-PCPIG,No,0.05453909684929351,0
4753-PADAS,No,0.43112888562684576,0
9795-SHUHB,No,0.03422157544546557,0
5716-LIBJC,No,0.640899650164159,1
1820-TQVEV,Yes,0.8689840637802094,1
2439-QKJUL,No,0.31085112643577784,0
4869-EPIUS,No,0.3709889934103669,0
8671-KKKOS,No,0.3000636793671454,0
2057-ZBLPD,Yes,0.7652055030890709,1
6821-JPCDC,No,0.49607265678609225,0
4334-HOWRP,No,0.08029217800739649,0
3413-CSSTH,No,0.25579584810595435,0
5696-JVVQY,No,0.05280302987888551,0
4745-LSPLO,Yes,0.5244153028676218,1
9389-ACWBI,No,0.6567685246262824,1
6953-PBDIN,No,0.05157952764493727,0
1205-WNWPJ,Yes,0.5603596419909563,1
5022-JNQEQ,No,0.5931681339110811,1
6711-VTNRE,Yes,0.5072258811866801,1
6797-UCJHZ,No,0.3531906161109807,0
8490-BXHEO,No,0.6720642716714632,1
0384-RVBPI,No,0.1965911288718728,0
9931-KGHOA,No,0.13717566762262048,0
7181-BQYBV,Yes,0.67438112324709,1
2842-BCQGE,No,0.5647859581637104,1
3768-NLUBH,Yes,0.626109130066093,1
4759-PXTAN,No,0.23724075193049327,0
4310-KEDTB,No,0.2109953350055151,0
6060-QBMGV,No,0.04975810478787402,0
1452-KIOVK,No,0.5954686281638557,1
5146-CBVOE,No,0.5482586468374103,1
5949-XIKAE,Yes,0.7283592389571838,1
1485-YDHMM,No,0.27706201247558676,0
3170-GWYKC,No,0.3928876160356458,0
2023-VQFDL,No,0.2237766684842866,0
6121-TNHBO,No,0.06992579945357665,0
7703-ZEKEF,Yes,0.7365260476591781,1
4231-LZUYM,No,0.04868984625914494,0
4779-ZGICK,No,0.04370021237112334,0
1194-SPVSP,No,0.5302973461806493,1
0960-HUWBM,No,0.1627578413954879,0
7789-CRUVC,No,0.29084907315978803,0
3966-HRMZA,No,0.7548522847706125,1
7593-JNWRU,Yes,0.509960852574228,1
3308-JSGML,No,0.09060880621521084,0
1744-JHKYS,No,0.23960830983747286,0
2138-VFAPZ,No,0.07618451633744663,0
4324-BZCKL,No,0.3518157585535497,0
8791-GFXLZ,No,0.45997140090345523,0
3930-ZGWVE,No,0.5368757827035108,1
3900-AQPHZ,Yes,0.5324614316602093,1
4912-PIGUY,No,0.8830798185911484,1
3585-ISXZP,Yes,0.7731950873905646,1
1492-KGETH,No,0.06771588559057459,0
0690-SRQID,No,0.43738459487194514,0
0748-RDGGM,Yes,0.2532718932595605,0
0778-NELLA,Yes,0.628839293020005,1
3148-BLQJT,Yes,0.5368757827035108,1
4412-YLTKF,Yes,0.698694138534874,1
8966-KZXXA,No,0.04940757861093242,0
9224-VTYID,No,0.04361864189875174,0
4250-WAROZ,No,0.3311639531157825,0
2688-BHGOG,No,0.8396134348534503,1
9681-OXGVC,Yes,0.8810921107604105,1
0701-TJSEF,No,0.38227990432442716,0
8887-IPQNC,No,0.6171381491410575,1
7754-IXRMC,No,0.7099259129599368,1
9565-DJPIB,Yes,0.6879697565139811,1
5743-KHMNA,No,0.052754289418219885,0
7876-BEUTG,No,0.5155754688921694,1
3446-QDSZF,No,0.5687266964709787,1
4026-SKKHW,No,0.681314747655436,1
8272-ONJLV,No,0.5614366908961671,1
4946-EDSEW,Yes,0.20034159771880794,0
2829-HYVZP,No,0.08394275610339703,0
2208-MPXIO,No,0.04289491435998759,0
3537-RYBHH,No,0.25585213171902543,0
9500-IWPXQ,No,0.10478673203671969,0
6674-KVJHG,No,0.16127590307932846,0
4648-YPBTM,No,0.06433920943273305,0
4967-WPNCF,No,0.06815435888538961,0
2789-CZANW,No,0.09311400253108781,0
6000-UKLWI,No,0.045881795354909785,0
5149-QYTTU,No,0.08660013005207882,0
7964-ZRKKG,No,0.22352448568082564,0
8920-NAVAY,No,0.39976605182099395,0
7013-PSXHK,No,0.1721711455244243,0
9489-JMTTN,No,0.043730618431558885,0
3339-EAQNV,No,0.4160335630014832,0
8258-GSTJK,Yes,0.8742322403445434,1
4001-TSBTV,No,0.45502921382270956,0
8495-PRWFH,No,0.3567975476075324,0
6986-IXNDM,No,0.8089324717504351,1
8020-BWHYL,Yes,0.7335284829897825,1
9504-DSHWM,No,0.1732610551679774,0
5035-BVCXS,No,0.7092373757481069,1
5159-YFPKQ,Yes,0.8293559099488509,1
4118-CEVPF,No,0.34306602167633704,0
3978-YNKDD,No,0.0529539837621139,0
9470-XCCEM,No,0.46543585874273025,0
2061-VVFST,No,0.1283151469029615,0
5751-USDBL,No,0.04011407883765878,0
9050-IKDZA,No,0.759825936309003,1
1265-ZFOSD,No,0.04676211859329131,0
8711-LOBKY,No,0.0348672670721576,0
2599-CZABP,No,0.24972670103254868,0
8676-TRMJS,Yes,0.7640701044199395,1
5396-IZEPB,No,0.26268172276683854,0
9030-QGZNL,No,0.10122071305669385,0
3030-YDNRM,No,0.8450783430430844,1
2984-AFWNC,No,0.7463616411383356,1
3325-FUYCG,Yes,0.32688714136819946,0
6723-CEGQI,No,0.04528299550272939,0
4016-BJKTZ,No,0.28738940302858385,0
2122-SZZZD,No,0.05773482255449762,0
1015-OWJKI,No,0.32263813579737877,0
2418-TPEUN,No,0.047417912807469535,0
4693-VWVBO,No,0.30942966717411774,0
9873-MNDKV,No,0.4667401206827625,0
3301-VKTGC,No,0.08344403054650795,0
6651-AZVTJ,Yes,0.6763093117437501,1
8455-HIRAQ,No,0.4928406868408325,0
0412-UCCNP,No,0.07926506755935843,0
1474-JUWSM,No,0.15924129370270595,0
8049-WJCLQ,No,0.2555804462955178,0
6543-CPZMK,Yes,0.5128768472237736,1
4475-NVTLU,No,0.058086116686020005,0
8930-XOTDP,No,0.16271767096497153,0
0018-NYROU,No,0.8233062500681126,1
4190-MFLUW,Yes,0.26136034713026285,0
1972-XMUWV,No,0.06299339533541728,0
1853-ARAAQ,No,0.3612125586687292,0
1000-AJSLD,Yes,0.6574050741740052,1
5574-NXZIU,No,0.1929373907876226,0
8053-WWDRO,Yes,0.25267178040920096,0
4998-IKFSE,No,0.63204094680145,1
5482-NUPNA,Yes,0.42655326385976644,0
3190-FZATL,No,0.16399265635803678,0
1746-TGTWV,No,0.7772652837389012,1
7854-EKTJL,Yes,0.3397874261969008,0
5593-SUAOO,No,0.1971190173583057,0
3439-GVUSX,No,0.6601337416797551,1
5178-LMXOP,Yes,0.890013134788696,1
1035-IPQPU,No,0.6837989514794266,1
6474-FVJLC,Yes,0.8681848912873698,1
8652-YHIYU,No,0.3749277342246528,0
3319-DWOEP,Yes,0.8489987309125834,1
6429-SHBCB,No,0.2548474036710944,0
2955-PSXOE,Yes,0.6615668252558956,1
3831-YCPUO,No,0.07069960732082958,0
3677-IYRBF,Yes,0.7823655641516037,1
2338-BQEZT,No,0.23564884398569877,0
0670-ANMUU,No,0.19640662114621044,0
9488-FVZCC,No,0.032173244489017594,0
1614-JBEBI,No,0.39527705084398523,0
0383-CLDDA,No,0.07317637811033952,0
8414-MYSHR,Yes,0.8646504512930293,1
5820-PTRYM,No,0.08588534200066526,0
7654-YWJUF,No,0.09370527088841951,0
3211-AAPKX,No,0.6219591445894656,1
0322-YINQP,Yes,0.6059479822681079,1
3926-CUQZX,Yes,0.7906712844990429,1
6961-MJKBO,No,0.046159591723928445,0
0946-FKYTX,No,0.07628787350702287,0
4915-BFSXL,No,0.04649215404129875,0
7459-IMVYU,No,0.18780074615839026,0
8782-NUUOL,No,0.10519483646401726,0
7668-XCFYV,No,0.8173179704265349,1
0601-WZHJF,Yes,0.5180574833958678,1
3096-IZETN,Yes,0.6090390496761201,1
8757-TFHHJ,No,0.6391950930771866,1
5813-UECBU,Yes,0.5801027106489096,1
8065-BVEPF,No,0.5697496729629239,1
3877-JRJIP,Yes,0.8009997613917857,1
4514-GFCFI,Yes,0.8509825726056444,1
8905-IAZPF,No,0.33227733228492895,0
7861-UVUFT,Yes,0.7864137234121271,1
1293-HHSHJ,No,0.05988756839120753,0
1329-VHWNP,No,0.4968461630211932,0
0277-BKSQP,No,0.546370459997407,1
6549-NNDYT,No,0.371549962245382,0
2725-TTRIQ,No,0.04073270678356445,0
7952-OBOYL,No,0.7901014801794767,1
3638-WEABW,No,0.05928850697147852,0
2068-WWXQZ,No,0.046159591723928445,0
5678-VFNEQ,No,0.35929209660983485,0
6741-EGCBI,No,0.5447185239305036,1
3452-GWUIN,No,0.8173179704265349,1
2322-VCZHZ,No,0.6134135593346167,1
8695-ARGXZ,No,0.6899997609094156,1
4973-MGTON,No,0.0571268418863434,0
1429-UYJSV,No,0.10241951200080558,0
9972-VAFJJ,No,0.1930122459307275,0
9512-PHSMG,No,0.30995934562140853,0
0936-NQLJU,No,0.050283066851867494,0
9139-TWBAS,No,0.08435101538795743,0
7520-HQWJU,No,0.11531804961300313,0
5702-SKUOB,No,0.3001669379289481,0
7537-CBQUZ,No,0.5067102282974516,1
0289-IVARM,No,0.22273093316286116,0
6972-SNKKW,No,0.2872973057748216,0
7752-XUSCI,Yes,0.7160199424899691,1
7130-VTEWQ,Yes,0.8644146309904589,1
0230-UBYPQ,No,0.08027443318415235,0
5780-INQIK,No,0.4977183472169318,0
9507-EXLTT,Yes,0.8643016447138139,1
4837-PZTIC,No,0.05352808165832776,0
4250-ZBWLV,Yes,0.3850968538044874,0
8325-QRPZR,No,0.8303489034646856,1
3724-BSCVH,No,0.07198768052278362,0
3097-NQYSN,Yes,0.8674415456400173,1
8565-HBFNN,No,0.2485741160049415,0
3234-VKACU,No,0.5447352207436478,1
8992-OBVDG,No,0.19788683473797977,0
5458-CQJTA,Yes,0.040414369206707636,0
6463-MVYRY,No,0.058146873986476305,0
4092-OFQZS,No,0.0692868379085886,0
7495-OOKFY,Yes,0.829422903336923,1
4695-VADHF,Yes,0.28880147366729275,0
8496-EJAUI,Yes,0.5833763820639051,1
6630-UJZMY,No,0.876629089658639,1
7722-VJRQD,No,0.04646600816143602,0
5057-RKGLH,No,0.07323273445957847,0
4187-CINZD,Yes,0.31570988472810635,0
4538-WNTMJ,No,0.0556251388855636,0
8857-CUPFQ,No,0.041946825113031785,0
1722-LDZJS,No,0.04968237636454714,0
8963-MQVYN,No,0.27409684761500314,0
5186-SAMNZ,Yes,0.8655288323012461,1
9646-NMHXE,No,0.043746656640168545,0
2674-MIAHT,No,0.8420180124922347,1
2718-YSKCS,No,0.041545428498064814,0
4690-LLKUA,Yes,0.5351266171522316,1
5766-ZJYBB,Yes,0.34309634452448484,0
4518-FZBSX,No,0.04695053313913608,0
9108-EQPNQ,No,0.0747056853382279,0
9548-LERKT,No,0.05196679391412902,0
3521-HTQTV,No,0.05243898693948692,0
0254-KCJGT,No,0.12255422750716424,0
5339-TJFEK,No,0.44190261157276345,0
9753-OYLBX,No,0.5324614316602093,1
5382-SOYZL,No,0.7931223498549552,1
6008-NAIXK,No,0.39770190681724005,0
5575-TPIZQ,No,0.4678816117470193,0
9128-CPXKI,No,0.21007785674077958,0
8914-RBTSB,Yes,0.5464872141883482,1
6518-KZXCB,No,0.07123530228673851,0
1550-LOAHA,Yes,0.37403308608007946,0
4324-AHJKS,No,0.415417045859815,0
5730-DBDSI,No,0.046159591723928445,0
0487-VVUVK,No,0.14294395989425435,0
2625-TRCZQ,No,0.5048214101245032,1
9194-GFVOI,No,0.061008652158413244,0
5356-CSVSQ,No,0.5971577465225542,1
5644-PDMZC,Yes,0.7872409212973562,1
4685-TFLLS,No,0.05917644081784588,0
8080-DDEMJ,Yes,0.7514290448704766,1
0363-QJVFX,Yes,0.4756593105965704,0
7993-PYKOF,Yes,0.4979529493867091,0
9618-LFJRU,No,0.32224542982199056,0
1226-IENZN,No,0.8156922849305225,1
5322-TEUJK,No,0.07753843636788409,0
6333-YDVLT,No,0.33653865442103886,0
9086-YJYXS,No,0.11421273622363394,0
0409-WTMPL,No,0.35863388840040494,0
9776-CLUJA,Yes,0.48628929065410914,0
2005-DWQZJ,No,0.060124107373234446,0
8766-PAFNE,No,0.06301845066149503,0
2824-MYYBN,No,0.6645135015408453,1
6778-JFCMK,No,0.19709413356862868,0
6683-VLCTZ,Yes,0.8210488244413514,1
7839-NUIAA,No,0.14932162863711906,0
4817-KEQSP,No,0.034576526692658024,0
2361-UPSND,No,0.078577085074615,0
6617-WLBQC,No,0.19198975620691083,0
5605-XNWEN,No,0.07347007452259927,0
9060-HJJRW,No,0.21416750541467686,0
2585-KTFRE,No,0.3676588023611343,0
5995-SNNEW,No,0.7927530423041437,1
0556-FJEGU,No,0.047382892671689956,0
6896-SRVYQ,No,0.5303992889610025,1
7609-NRNCA,No,0.06336976233671332,0
4419-UJMUS,No,0.16248571868347705,0
2832-SCUCO,No,0.3604345054382894,0
1415-YFWLT,Yes,0.8750155921638829,1
5536-RTPWK,Yes,0.6078991345260492,1
4102-HLENU,No,0.03941610642192605,0
2277-VWCNI,No,0.6475876235189972,1
2696-RZVZW,No,0.05894754549470778,0
3642-GKTCT,No,0.29556606533606283,0
2798-NYLMZ,No,0.26678963375185544,0
2088-IEBAU,No,0.09659956673837605,0
3675-EQOZA,No,0.31085112643577784,0
9073-ZZIAY,No,0.0497249663891716,0
8022-BECSI,No,0.07300095066327206,0
0709-TVGUR,Yes,0.8505937635977988,1
1047-NNCBF,No,0.4578253223202029,0
5702-KVQRD,No,0.08245882947738462,0
7571-YXDAD,Yes,0.7742885123829409,1
8023-QHAIO,No,0.38496119221923747,0
2272-WUSPA,No,0.20097581239430318,0
5133-VRSAB,No,0.31382974588290435,0
4979-HPRFL,No,0.0414265253675942,0
5126-RCXYW,No,0.058268217282527894,0
2024-BASKD,Yes,0.8655517870801774,1
7130-YXBRO,No,0.5104624346565789,1
7463-IFMQU,No,0.04176520663011279,0
6168-YBYNP,No,0.5970646005229877,1
8280-MQRQN,Yes,0.7975662228997666,1
3890-RTCMS,No,0.40816963282911356,0
9364-YKUVW,No,0.32984403585053523,0
1384-RCUXW,No,0.7556694999106065,1
7124-UGSUR,Yes,0.44246058354464,0
6856-RAURS,No,0.8532251169520108,1
6473-ULUHT,No,0.22277034220871642,0
7684-XSZIY,No,0.03987661617937601,0
1481-ZUWZA,Yes,0.5014797355429685,1
6695-FRVEC,No,0.029874151009181824,0
0345-XMMUG,No,0.24626415405546395,0
3996-ZNWYK,No,0.044430965889361226,0
5222-IMUKT,No,0.570262093574567,1
8173-RXAYP,No,0.04450140451490801,0
1608-GMEWB,No,0.6241939248411508,1
